"ID","Name","Source","Repository","License","Language","Formats","Tags","Duplicates","Elements","Relationship","Views"
"3846c562-eab4-4e07-aa95-87703e0e0e69","Data model test","GenMyModel","","","en","XML,JSON","","0","15","11","1"
"_ay028PGjEeqygJczXaaxEQ","payments-arch","GenMyModel","","","en","XML,CSV,JSON,ARCHIMATE","","0","18","20","1"
"47233919","Iterator","GitHub","wilmerkrisp/patterns","Other","en","XML,CSV,JSON,ARCHIMATE","","0","62","105","2"
"88f977a5-f39f-4491-9eb8-0ca26da61a8d","RDM Infrastructure","GitHub","","","en","XML,CSV,JSON,ARCHIMATE","","0","261","409","10"
"_5FRNcP3_Eeuj5cUC8m1erQ","RM workflow","GenMyModel","","","en","XML,CSV,JSON,ARCHIMATE","","0","17","14","1"
"fc035d09","10 repositories","GitHub","wilmerkrisp/patterns","Other","en","XML,CSV,JSON,ARCHIMATE","DUPLICATE","1","100","91","4"
"67201797","9 Database Session State","GitHub","wilmerkrisp/patterns","Other","en","XML,CSV,JSON,ARCHIMATE","","0","40","66","1"
"_-GYt4C-VEeqqcaoAsxFIeg","mishlang","GenMyModel","","","en","XML,CSV,JSON,ARCHIMATE","","0","28","34","1"
"eee5a97e","Web Service","GitHub","CapgeminiNorway/AgileArchitect","Not found","en","XML,CSV,JSON,ARCHIMATE","DUPLICATE","1","10","12","1"
"5da4f0c7-67da-4085-8523-6b96dbaa9f06","1 Accountability","GitHub","wilmerkrisp/patterns","Other","en","XML,CSV,JSON,ARCHIMATE","","0","34","46","10"
"79e36aa1","2 Row Data Gateway","GitHub","wilmerkrisp/patterns","Other","en","XML,CSV,JSON,ARCHIMATE","","0","43","69","1"
"id-55d5ef7a83cc49bb8ed47978945fbdbc","(new model)","GitHub","DanielVyazhev/Repository-DanielVyazhev","Not found","en","XML,CSV,JSON,ARCHIMATE","","0","103","135","1"
"e85fd8e8","whore_parser","GitHub","cherkavi/html-parsing","Not found","en","XML,CSV,JSON,ARCHIMATE","DUPLICATE","1","34","35","3"
"d66e9045-de70-464d-bb30-dc4c42bd0890","TOOP-GOOPRA","GitHub","TOOP4EU/toop-goopra-models","Apache License 2.0","en","XML,CSV,JSON,ARCHIMATE","DUPLICATE","1","179","365","30"
"_viXHACfbEeuxZMUIY-ihGw","payments-arch1","GenMyModel","","","en","XML,CSV,JSON,ARCHIMATE","","0","17","16","1"
"0abc7d0a-a7c0-42ac-b494-81ca452966f5","PaladinFutureDesign","GitHub","HaikuArchives/Paladin","MIT License","en","XML,CSV,JSON,ARCHIMATE","","0","50","111","2"
"828aac43","Abstract Factory","GitHub","wilmerkrisp/patterns","Other","en","XML,CSV,JSON,ARCHIMATE","","0","68","86","4"
"_oNnyMKCSEey6N7ehWr0kcg","AiRo Tech Solutions Inc.","GenMyModel","","","en","XML,CSV,JSON,ARCHIMATE","","0","20","20","1"
"EAPK_B38EE707_FE6B_4a3f_BB6C_FABD6E8098C5","OOTS - Emrex","GitHub","onderwijsarchitectuur/OOTS-Emrex","Not found","en","XML,CSV,JSON,ARCHIMATE","","0","21","21","1"
"799298e6-cefa-47aa-986f-1ab9d5c10d21","(new model)","GitHub","Arktect-Co/archimate-model-importer","MIT","en","ARCHIMATE,XML,CSV,JSON","WARNING","0","97","45","4"
"5b89998c","Factory Method","GitHub","wilmerkrisp/patterns","Other","en","XML,CSV,JSON,ARCHIMATE","","0","35","48","2"
"id-618c3012","WFL Model","Other","","","en","XML,CSV,JSON,ARCHIMATE","","0","53","119","6"
"001bf72f","export.uploader","GitHub","cherkavi/java-web","Not found","en","XML,CSV,JSON,ARCHIMATE","","0","62","65","3"
"_KWDfwBfcEeqDmNBP3mfLQg","PRINCE2","GenMyModel","","","en","XML,CSV,JSON,ARCHIMATE","","0","12","18","2"
"674bbb1d-d985-4afa-b736-e7f968cee52f","7. Valuation Databasebeheer","Other","","","en","XML,CSV,JSON,ARCHIMATE","","0","20","41","1"
"47efebde","integration of bouded contexts through database ","GitHub","wilmerkrisp/patterns","Other","en","XML,CSV,JSON,ARCHIMATE","","0","59","116","1"
"id-e205290c06b4417896edfab1cc09d549","Omnibus RB","GitHub","","","en","XML,CSV,JSON,ARCHIMATE","","0","62","50","2"
"e6e5d986-f7b1-46e0-915a-4cdbf06d8f29","8 Derivative Contracts","GitHub","wilmerkrisp/patterns","Other","en","XML,CSV,JSON,ARCHIMATE","DUPLICATE","1","61","64","6"
"id-0664d491d7cc43b79076bb4c2cecf37c","Acme Insurance","GitHub","IverBand/acme","Not found","en","XML,CSV,JSON,ARCHIMATE","DUPLICATE","1","72","65","8"
"id-60bd15bf","PSN ModelMate for API Analysis","GitHub","mwherman2000/PSN.ModelMate","MIT License","en","XML,CSV,JSON,ARCHIMATE","DUPLICATE","2","45","59","2"
"879ef491","7 segregated core","GitHub","wilmerkrisp/patterns","Other","en","XML,CSV,JSON,ARCHIMATE","","0","42","97","1"
"506132fa","6a Page Controller","GitHub","wilmerkrisp/patterns","Other","en","XML,CSV,JSON,ARCHIMATE","","0","30","43","1"
"5bc40983-7970-4c26-a480-5e183da9d19d","NEO Architecture Reference Model for .NET Developers (neo-charm)","GitHub","mwherman2000/neo-charm","MIT License","en","XML,CSV,JSON,ARCHIMATE","DUPLICATE","10","136","48","6"
"id-65ad485f-e159-4e69-91f1-eac09ebb9903","Interoperability testing snippet-6","GitHub","","","en","XML,CSV,JSON,ARCHIMATE","","0","21","20","1"
"49ed2ecd-bd45-42c5-9558-97e1f801c572","TELEGFONICA","GitHub","npayaresc/otecel-integracion","Not found","en","XML,CSV,JSON,ARCHIMATE","","0","300","497","19"
"862f0e22-ecd7-476e-bf97-b3a17b8826d7","4 Referring to Objects","GitHub","wilmerkrisp/patterns","Other","en","XML,CSV,JSON,ARCHIMATE","","0","16","14","5"
"_WZsIAFjZEeioG62n2D5JZQ","Data model test","GenMyModel","","","en","XML,CSV,JSON,ARCHIMATE","","0","20","16","1"
"_sKoHgE3UEeqesv9gci-YTQ","Core QDF v1.7.2","GenMyModel","","","en","XML,CSV,JSON,ARCHIMATE","","0","78","58","1"
"aa3ad428","6b Two Step View","GitHub","wilmerkrisp/patterns","Other","en","XML,CSV,JSON,ARCHIMATE","DUPLICATE","1","48","70","1"
"id-4895e6f2-67db-4bc3-914f-1fae17d11ef5","5 Inventory and Accounting","GitHub","wilmerkrisp/patterns","Other","en","XML,CSV,JSON,ARCHIMATE","","0","96","125","17"
"d43b62e8-4d7a-4573-aa7a-d7e734fbcac3","ArchiServices","GitHub","archilight/torchlight-present","Apache License 2.0","en","XML,CSV,JSON,ARCHIMATE","","0","60","97","11"
"id-750714ea836644778401a62d20cb8dfe","Vision Module and Vehicle Controls","GitHub","rbccps-iisc/CAV_RECON","Unspecified","en","ARCHIMATE,XML,CSV,JSON","","0","19","25","1"
"_lL5PANpYEeyR_KDGOPNL5w","Surgepay Merchant Account","GenMyModel","","","en","XML,CSV,JSON,ARCHIMATE","","0","26","27","1"
"id-3f93643347a54af5b736f71857a64fa3","EA Model for next gen","GitHub","mgudmund/archilab","Not found","en","XML,CSV,JSON,ARCHIMATE","","0","24","39","2"
"e5c0f3a7-a237-44be-a17b-21d3568c827b","OpenSource Standard","GitHub","KingBain/OSS-Model","MIT License","en","XML,CSV,JSON,ARCHIMATE","","0","72","83","5"
"2091dd36-7306-4f4b-81e7-80771abc4ba7","PGL","GitHub","","","en","XML,CSV,JSON,ARCHIMATE","","0","93","146","6"
"e207ad9e","The application layer coordinates the work between contexts","GitHub","wilmerkrisp/patterns","Other","en","XML,CSV,JSON,ARCHIMATE","DUPLICATE","1","41","81","1"
"1a07e439","Archivatrion","GitHub","borkdominik/CM2KG","MIT License","en","XML,CSV,JSON,ARCHIMATE","","0","14","10","1"
"_ZL-wUHOJEeuCM8KqVoRWiA","MetrologyCertification","GenMyModel","","","en","XML,CSV,JSON,ARCHIMATE","","0","20","16","1"
"2108c774-585b-4453-bc23-a2e353330f08","GRM","GitHub","GRM-Foundation/GRM","AGPL-3.0 license","en","XML,CSV,JSON,ARCHIMATE","","0","264","264","39"
"id-EAPK_1B7FFD02_4F1E_451b_B80C_F35A7EA6861D","GC Business Capability Model v2.0","GitHub","canada-ca/architecture","MIT License","en","XML,CSV,JSON,ARCHIMATE","","0","197","0","1"
"5f935242"," the same physical entity in different contexts","GitHub","wilmerkrisp/patterns","Other","en","XML,CSV,JSON,ARCHIMATE","","0","43","62","1"
"2b51c929","wm-system","GitHub","cherkavi/social-financial-network","Not found","en","XML,CSV,JSON,ARCHIMATE","","0","70","82","5"
"8b8a004b","baseline_applications","GitHub","samheather/enar","Unspecified","en","ARCHIMATE,XML,CSV,JSON","","0","175","162","12"
"fa7c7a16-1338-4eae-97e2-7b9aed26799c","CCS Architecture","GitHub","Crown-Commercial-Service/ccs-architecture","Not found","en","XML,CSV,JSON,ARCHIMATE","","0","358","489","31"
"ca3e414f-852a-49fb-8c22-766871ed92c8","(new model)","GitHub","borkdominik/CM2KG","MIT License","en","XML,CSV,JSON,ARCHIMATE","DUPLICATE","3","18","16","1"
"c9bc22e1","4b Inheritance Mappers","GitHub","wilmerkrisp/patterns","Other","en","XML,CSV,JSON,ARCHIMATE","DUPLICATE","1","39","40","1"
"4e77bd07-7806-4936-beec-3b2b9c8bc5a6","TOOP-RefModel","GitHub","TOOP4EU/toop-goopra-models","Apache License 2.0","en","XML,CSV,JSON,ARCHIMATE","","0","16","19","3"
"bdc28fbc","1 ubiquitous language","GitHub","Ayad-Mihidabi-Khan-Jitu/Workspace-Learning","MIT License","en","XML,CSV,JSON,ARCHIMATE","DUPLICATE","1","31","48","1"
"265214de","Archimate Presentation","GitHub","JiruSensei/ArchiMate-Patterns-Style","Not found","en","XML,CSV,JSON,ARCHIMATE","WARNING","0","1679","1015","226"
"id-6c410ff122964006bfbd8724aea00fe2","WHO SG","GitHub","WorldHealthOrganization/smart-ig-starter-kit","CC BY 3.0","en","ARCHIMATE,XML,CSV,JSON","","0","109","199","20"
"c63cdd5e","(new model)","GitHub","briandfoy/MyCPAN-Reports","Not found","en","XML,CSV,JSON,ARCHIMATE","DUPLICATE","1","20","11","1"
"b8d49867","3 responsibility layers","GitHub","wilmerkrisp/patterns","Other","en","XML,CSV,JSON,ARCHIMATE","DUPLICATE","1","69","25","3"
"id-a38bdc19622f419196e1f096879b2a00","LFEnergyFunctionalArchitectureModel","GitHub","lfenergyarchitecturemodel/lfenergyfunctionalarchitecturemodel","CC-BY-4.0","en","XML,CSV,JSON,ARCHIMATE","","0","525","517","31"
"723b6dc3-1c32-41a5-a02b-6d27b40c34d8","Meta Model and Patterns","GitHub","smileham/archimate-metamodel-patterns","Not found","en","XML,CSV,JSON,ARCHIMATE","WARNING","0","408","633","46"
"7c93c8b4","1 evolving order","GitHub","wilmerkrisp/patterns","Other","en","XML,CSV,JSON,ARCHIMATE","","0","33","52","1"
"e4a95f60-c7cd-46b0-9737-fdacbc30eb64","GroundUpDB","GitHub","adamfowleruk/groundupdb","Apache License 2.0","en","XML,CSV,JSON,ARCHIMATE","DUPLICATE","1","38","71","3"
"9756c58e","5 Repository","GitHub","wilmerkrisp/patterns","Other","en","XML,CSV,JSON,ARCHIMATE","","0","115","117","1"
"770c4aed-d34a-4ab8-bb3a-83aebdbe0ca7","Report API","GitHub","norcams/iaas","Apache License 2.0","en","XML,CSV,JSON,ARCHIMATE","","0","40","51","2"
"d836fdfa-2316-4f46-81be-745b63fa9918","(new model)","GitHub","gdvallance/production-openclinica-docker","GNU Affero General Public License v3.0","en","XML,CSV,JSON,ARCHIMATE","DUPLICATE","1","10","10","1"
"eaedaf45-d691-4aaf-ac35-02cb77856490","(new model)","GitHub","pedroleitao1999/projetos","Not found","en","XML,CSV,JSON,ARCHIMATE","DUPLICATE","1","26","30","1"
"364742fe-c963-492f-95d6-43e6be85f895","3 Observations for Corporate Finance","GitHub","wilmerkrisp/patterns","Other","en","XML,CSV,JSON,ARCHIMATE","","0","88","112","7"
"_9q5dAGZcEe2ck8ytUMEi6A","Architecture logicielle","GenMyModel","","","en","XML,CSV,JSON,ARCHIMATE","","0","18","19","4"
"id-82442a4c03634d388a1bc2a24ed05a99","ING.ARCHI.HEY-BLUE","GitHub","ingeniala/heybluekata","MIT","en","XML,CSV,JSON,ARCHIMATE","","0","374","1103","57"
"_Dra7kH6bEeyiydZsM2RdLg","mall-covid","GenMyModel","","","en","XML,JSON","","0","16","0","4"
"_JU9WQISWEeyxbevs_zeV6g","Simulation for Francis","GenMyModel","","","en","XML,CSV,JSON,ARCHIMATE","","0","16","17","1"
"5e7670a0","Assignment08","GitHub","alinaroze/Assignment08.arozenbaum-EIA","Not found","en","XML,CSV,JSON,ARCHIMATE","","0","157","176","6"
"id-19e995bff1284a758c8e4930cdd839b5","Project","GitHub","","","en","XML,CSV,JSON,ARCHIMATE","","0","48","73","3"
"id-a29af8bcdc9447238944ea36ee4873fb","MedicAlly","GitHub","","","en","XML,CSV,JSON,ARCHIMATE","","0","85","126","3"
"25157e4d","Assignment06","GitHub","alinaroze/Assignment06.arozenbaum-EIA","Not found","en","XML,CSV,JSON,ARCHIMATE","","0","19","15","1"
"0476a732-40e4-4028-ac1b-616b4966be30","Microservices Design Patterns - Saga Orchestration","GitHub","oriaxx77/microservice-design-patterns-orchestration-saga","Not found","en","XML,CSV,JSON,ARCHIMATE","","0","17","29","1"
"516b515f","1 Domain Model","GitHub","wilmerkrisp/patterns","Other","en","XML,CSV,JSON,ARCHIMATE","","0","24","25","1"
"e506a7d1","examination","GitHub","BigDataHSE2016/m02-enterprise-arch-modelling","Unspecified","en","ARCHIMATE,XML,CSV,JSON","","0","40","51","1"
"id-cb15537a-7007-4f84-857e-c80a835b2d4c","ArchiSurance Health","GitHub","","","en","XML,CSV,JSON,ARCHIMATE","","0","69","116","22"
"_B9GlcFgrEeuh5NpLcuE3vA","payments-arch","GenMyModel","","","en","XML,CSV,JSON,ARCHIMATE","","0","18","20","1"
"9cdd2404","3 user interface","GitHub","wilmerkrisp/patterns","Other","en","XML,CSV,JSON,ARCHIMATE","","0","246","496","3"
"2bb8332f","5 customer-supplier teams","GitHub","wilmerkrisp/patterns","Other","en","XML,CSV,JSON,ARCHIMATE","","0","22","47","2"
"5a4b03f0","design patterns overview","GitHub","wilmerkrisp/patterns","Other","en","XML,CSV,JSON,ARCHIMATE","","0","39","0","2"
"d7af9041","2 layered architecture","GitHub","wilmerkrisp/patterns","Other","en","XML,CSV,JSON,ARCHIMATE","DUPLICATE","1","122","177","6"
"id-4bf46705-aa42-480c-8f92-ebfc45eef027","Cloud Native Architecture","GitHub","alberttwong/archi_cloudnative","Apache License 2.0","en","XML,CSV,JSON,ARCHIMATE","","0","459","260","31"
"b0302456","app example 1 (message bus)","GitHub","wilmerkrisp/patterns","Other","en","XML,CSV,JSON,ARCHIMATE","DUPLICATE","1","274","438","3"
"f4ee7892-3309-45c2-9d56-1bb5e2c35265","repositoryumcu","GitHub","AmpersandTarski/ampersand-models","Not found","en","XML,CSV,JSON,ARCHIMATE","","0","74","76","1"
"3dc36f94-ca0c-4f0d-b05f-f7bb8647d3a9","Monolith - Allied Employee Boarding","GenMyModel","","","en","XML,JSON","","0","16","17","1"
"3703a2a1","33 app example 4 (domain model)","GitHub","wilmerkrisp/patterns","Other","en","XML,CSV,JSON,ARCHIMATE","","0","62","71","3"
"id-a8b317e47ae94c0f963ea1dd544a8090","Archimate Modeling","GitHub","mandy1612/Software-Engineering-Project","Not found","en","XML,CSV,JSON,ARCHIMATE","","0","78","85","1"
"5051709a","State","GitHub","wilmerkrisp/patterns","Other","en","XML,CSV,JSON,ARCHIMATE","","0","35","55","2"
"_BXOlAC_BEeqqcaoAsxFIeg","Research-systemStructure1","GenMyModel","","","en","XML,CSV,JSON,ARCHIMATE","","0","96","128","9"
"_UkgRcKUPEeyVi7WGkDHboQ","AiRoPay","GenMyModel","","","en","XML,CSV,JSON,ARCHIMATE","","0","10","9","1"
"ea5dec98-1160-46c8-81eb-b940e99baaa1","Data model test","GenMyModel","","","en","XML,CSV,JSON,ARCHIMATE","","0","21","16","2"
"74e30801","4 specification","GitHub","wilmerkrisp/patterns","Other","en","XML,CSV,JSON,ARCHIMATE","","0","22","17","2"
"8a584d4b-3fc8-4904-b3b5-b3d91b6f8d54","Data model test","GenMyModel","","","en","XML,JSON","","0","20","16","1"
"_bTKQwNEcEeib2vfQ4l86Yg","","GenMyModel","","","en","XML,CSV,JSON,ARCHIMATE","","0","20","20","5"
"d676ecdc","7 Data Transfer Object","GitHub","wilmerkrisp/patterns","Other","en","XML,CSV,JSON,ARCHIMATE","DUPLICATE","1","75","93","1"
"0133f8ac","1  bounded context","GitHub","wilmerkrisp/patterns","Other","en","XML,CSV,JSON,ARCHIMATE","","0","60","108","1"
"0d24b44e","8 Optimistic Offline Lock","GitHub","wilmerkrisp/patterns","Other","en","XML,CSV,JSON,ARCHIMATE","","0","32","43","1"
"_LK3IoGBEEemMYewRRb4vMg","Bookshop class assignment","GenMyModel","","","en","XML,CSV,JSON,ARCHIMATE","","0","18","13","1"
"54ef9ea6-655d-46de-9335-aab2a01b3204","additional patterns 2 Martins Clean Architecture BAD","GitHub","wilmerkrisp/patterns","Other","en","XML,CSV,JSON,ARCHIMATE","DUPLICATE","1","112","131","4"
"id-b47596bfb15342c19bf7e331451f341d","(new model)","GitHub","rbccps-iisc/CAV_RECON","Unspecified","en","ARCHIMATE,XML,CSV,JSON","","0","43","68","1"
"id-c315af48ce3441ba9ae8e661c579b3a8","SmartPharma","GitHub","","","en","XML,CSV,JSON,ARCHIMATE","","0","98","138","1"
"4e84f1fa","ArchiMate Excercises","GitHub","","","en","XML,CSV,JSON,ARCHIMATE","","0","79","105","5"
"id-e13c07a5-6911-47ff-8633-bfd897be41ce","Interoperability testing snippet-3","GitHub","","","en","XML,CSV,JSON,ARCHIMATE","","0","28","27","1"
"id-9bbd7fb2","app example 3 (REST)","GitHub","wilmerkrisp/patterns","Other","en","XML,CSV,JSON,ARCHIMATE","","0","99","128","1"
"id-679fbf4e-44af-4c56-aaf5-f36a601ed1c0","Sensei","GitHub","JiruSensei/iSensei","Not found","en","XML,CSV,JSON,ARCHIMATE","WARNING","0","409","422","58"
"2a66d2b3-3895-447c-b097-285debd4134b","OU research","Other","","","en","XML,CSV,JSON,ARCHIMATE","","0","15","17","1"
"0d52e35d","7 modules ","GitHub","wilmerkrisp/patterns","Other","en","XML,CSV,JSON,ARCHIMATE","","0","12","10","1"
"id-e1ef8cfe4d624f38a77177c7ed4b7a74","Cautious Barnacle","GitHub","kdrangej/cautious-barnacle","MIT License","en","XML,CSV,JSON,ARCHIMATE","WARNING","0","24","34","1"
"id-4f7ef303a7244269810ba38193a6991c","hotel reservation ","GitHub","","","en","XML,CSV,JSON,ARCHIMATE","","0","128","156","1"
"0c8c2f5a","one Subdomain per Bounded Context","Unknown","","","en","XML,CSV,JSON,ARCHIMATE","DUPLICATE","1","16","30","1"
"f1192fe4-63b8-4130-b6d8-58eee98607aa","9 Trading Packages","GitHub","wilmerkrisp/patterns","Other","en","XML,CSV,JSON,ARCHIMATE","DUPLICATE","1","104","161","4"
"37698e05","4a Association Table Mapping","GitHub","wilmerkrisp/patterns","Other","en","XML,CSV,JSON,ARCHIMATE","","0","65","103","1"
"id-9d0b0599-adfb-4f31-ad5e-c5f833182484","ArchiMagine","GitHub","","","en","XML,CSV,JSON,ARCHIMATE","DUPLICATE,WARNING","1","1219","884","105"
"_0TiTUFd4Eeuh5NpLcuE3vA","payments-arch2","GenMyModel","","","en","XML,CSV,JSON,ARCHIMATE","","0","18","15","1"
"id-4b9cc51f183f45c4830114a6b42a6cd6","EDC-IDQ-Axon","GitHub","","","en","XML,CSV,JSON,ARCHIMATE","","0","120","125","1"
"_Twyq8HWkEe21fZ1szbuEmA","Architecture logicielle","GenMyModel","","","en","XML,CSV,JSON,ARCHIMATE","","0","31","33","4"
"id-12d5c04a1dba4660a49fdbb29215654d","BizArch","GitHub","yasenstar/EA","GPL 3.0","en","ARCHIMATE,XML,CSV,JSON","","0","25","52","2"
"c8496788-e8c6-47f5-80fa-de87042129f6","ESDC Mandate Letters 2019-12-13","GitHub","sara-sabr/EA-models","Creative Commons Zero v1.0 Universal","en","XML,CSV,JSON,ARCHIMATE","DUPLICATE","1","114","143","1"
"_L-pyMH9LEeqjCeBtMxTJVQ","ArrchitestApril","GenMyModel","","","en","XML,CSV,JSON,ARCHIMATE","","0","12","9","1"
"13317768-f6d2-47bf-8de5-40f89f55b118","Production Deployment","GitHub","kwanlowe/digitalhermit_website","Not found","en","XML,CSV,JSON,ARCHIMATE","","0","26","19","3"
"1efc0896","8 abstract core","GitHub","wilmerkrisp/patterns","Other","en","XML,CSV,JSON,ARCHIMATE","","0","23","54","1"
"_I12sUE5vEeu9ts3EO9yYXg","System partitioning levels","GenMyModel","","","en","XML,CSV,JSON,ARCHIMATE","","0","16","17","1"
"3dc0953f","3 Unit of Work","GitHub","wilmerkrisp/patterns","Other","en","XML,CSV,JSON,ARCHIMATE","","0","51","83","1"
"5ef2e055","2 Active Record","GitHub","wilmerkrisp/patterns","Other","en","XML,CSV,JSON,ARCHIMATE","","0","66","106","1"
"ca8f5218-ee0d-46bc-93c1-2f63e9ed78fd","vantagePoint","GitHub","","","en","XML,CSV,JSON,ARCHIMATE","","0","124","200","14"
"c962b34b-469e-4c31-a133-aa530a3d5852","(new model)","GitHub","herrbpl/IoTGateway","Not found","en","XML,CSV,JSON,ARCHIMATE","DUPLICATE","1","21","24","1"
"_UgEiUIXfEeyxbevs_zeV6g","DR - system architecture","GenMyModel","","","en","XML,CSV,JSON,ARCHIMATE","","0","14","10","1"
"b7a5bbe0","1 core domain","GitHub","wilmerkrisp/patterns","Other","en","XML,CSV,JSON,ARCHIMATE","DUPLICATE","1","19","42","2"
"3586dd56-a7ec-496a-a1c0-4633ed13b319","ESDC Principles Catalog","GitHub","sara-sabr/EA-models","Creative Commons Zero v1.0 Universal","en","XML,CSV,JSON,ARCHIMATE","","0","147","143","6"
"b1057bec-b533-4af6-b9e2-a08d292c8cb6","UITS","GitHub","ideacrew/archi_uits","Not found","en","XML,CSV,JSON,ARCHIMATE","","0","50","59","2"
"d7514b7d","3 Identity Map","GitHub","wilmerkrisp/patterns","Other","en","XML,CSV,JSON,ARCHIMATE","DUPLICATE","1","57","87","1"
"_d6PccKMvEeubWeXAMIQrFw","mini1","GenMyModel","","","en","XML,CSV,JSON,ARCHIMATE","","0","15","20","1"
"1d1b3ca7-0530-4f63-8cdc-bafaf7ece2f6","(new model)","GitHub","I2PM/Cloudbased-S-BPM-WfMS","MIT","en","XML,CSV,JSON,ARCHIMATE","","0","186","324","1"
"be6c596d","4a Dependent Mapping","GitHub","wilmerkrisp/patterns","Other","en","XML,CSV,JSON,ARCHIMATE","DUPLICATE","1","62","104","1"
"76c05c7d","Big Brother","GitHub","borkdominik/CM2KG","MIT License","en","XML,CSV,JSON,ARCHIMATE","","0","33","41","1"
"id-d43cc77543b046a696118e4b4de0fb34","A1","GitHub","JoseCutileiro/IST-Projects","Unspecified","en","XML,CSV,JSON,ARCHIMATE","","0","52","65","1"
"aa25824a","event sourcing","GitHub","wilmerkrisp/patterns","Other","en","XML,CSV,JSON,ARCHIMATE","DUPLICATE","1","11","9","1"
"c53153b5","enterprise pattern template","GitHub","wilmerkrisp/patterns","Other","en","XML,CSV,JSON,ARCHIMATE","DUPLICATE","1","21","20","1"
"c3b74c42","SciNet","GitHub","TheBeege/SciNet","GPL-3.0","en","ARCHIMATE,XML,CSV,JSON","","0","18","20","1"
"_6xow4PfNEeqygJczXaaxEQ","hip-platform","GenMyModel","","","en","XML,CSV,JSON,ARCHIMATE","","0","57","75","9"
"id-51417a5833884cb386efff6db5117d83","Ampersand","GitHub","AmpersandTarski/Ampersand","GPL-3.0","en","ARCHIMATE,XML,CSV,JSON","","0","54","85","8"
"d48f3b98-0758-4c1d-90fa-7895d29510ad","Pattern174: FromSupplierToCustomer","GitHub","robertorgarcia/EAPatterns","Not found","en","XML,CSV,JSON,ARCHIMATE","DUPLICATE","3","62","117","3"
"id-b991370a07294c6389041d1646ff0765","LCDBORM","GitHub","","","en","XML,CSV,JSON,ARCHIMATE","","0","115","167","1"
"b6a6603d-4755-433b-ad0f-d71b119f6f8d","ibusnats-design","GitHub","untillpro/airs-ibusnats","Unspecified","en","ARCHIMATE,XML,CSV,JSON","","0","55","92","1"
"_UrYuMAs3Eeu_35Z1GKTxtw","payments-arch","GenMyModel","","","en","XML,CSV,JSON,ARCHIMATE","","0","18","20","1"
"331497f3","10 Money","GitHub","wilmerkrisp/patterns","Other","en","XML,CSV,JSON,ARCHIMATE","","0","47","54","1"
"Id-g3eWNK6GAqACZw6j","Cheapflight_Architecture","GitHub","DevidMontecchiari/archimateToArchiMEO","CC0-1.0","en","ARCHIMATE,XML,CSV,JSON","","0","33","38","1"
"94ff84ae","7 anticorruption layer","GitHub","wilmerkrisp/patterns","Other","en","XML,CSV,JSON,ARCHIMATE","","0","26","52","2"
"_0YxBMFO0EeqK2M3E1LfZ7Q","medicinia-applications-and-databases","GenMyModel","","","en","XML,CSV,JSON,ARCHIMATE","","0","18","33","1"
"e8ecca68-8692-400d-9425-b00d60784a26","CommonSandbox","GitHub","sara-sabr/EA-models","CC0-1.0","en","ARCHIMATE,XML,CSV,JSON","","0","2859","2588","79"
"_I5TBgHhYEe2sAIz0wDcNsw","OST","GenMyModel","","","en","XML,CSV,JSON,ARCHIMATE","","0","15","14","1"
"7037984b","Example extension by specialisation","GitHub","magwas/org.rulez.magwas.styledhtml","Not found","en","XML,CSV,JSON,ARCHIMATE","DUPLICATE","1","27","38","3"
"id-a34d3c77bf494e9cb58ff74b9c7038c2","MinIenW-Shared","GitHub","","","en","XML,CSV,JSON,ARCHIMATE","","0","246","344","4"
"_I1zwMKtmEeyVi7WGkDHboQ","payments-arch2","GenMyModel","","","en","XML,CSV,JSON,ARCHIMATE","","0","25","19","2"
"ee449766","Editorial","Other","","","en","XML,CSV,JSON,ARCHIMATE","","0","128","194","7"
"id-c4887727f2ff4081b823c69d41a1ec23","ArchiModel_Architecture_vision","GitHub","borkdominik/CM2KG","MIT License","en","XML,CSV,JSON,ARCHIMATE","","0","28","27","1"
"4b557f83-d337-4fdb-8f30-3061e58cd441","6 Planning","GitHub","wilmerkrisp/patterns","Other","en","XML,CSV,JSON,ARCHIMATE","","0","41","58","9"
"d970606f-b29a-49c0-a0d2-ba27a9b61e87","plutusIO","GitHub","rado-parrak/wm_plutus","Not found","en","XML,CSV,JSON,ARCHIMATE","DUPLICATE","1","51","52","3"
"d7ae4380","Singleton","GitHub","wilmerkrisp/patterns","Other","en","XML,CSV,JSON,ARCHIMATE","DUPLICATE","1","12","20","2"
"id-ea877a29eadd4b0081747002d68e3ded","BIAN","GitHub","yasenstar/enterprise_architecture","GNU General Public License v3.0","en","XML,CSV,JSON,ARCHIMATE","","0","110","143","9"
"45b2b019-5269-4e12-b40f-b9d56c430ce8","Info-Tech - Enterprise Data Models","GitHub","sara-sabr/EA-models","CC0-1.0","en","ARCHIMATE,XML,CSV,JSON","","0","244","349","37"
"03f9559e","3 contextual map","GitHub","wilmerkrisp/patterns","Other","en","XML,CSV,JSON,ARCHIMATE","","0","50","88","3"
"_6TkYkJLBEe29ie0vpi-P5A","ahahaha1","GenMyModel","","","en","XML,CSV,JSON,ARCHIMATE","","0","19","20","1"
"_QqL5gMw2EeyLxpMTtzcwUw","bank management","GenMyModel","","","en","XML,CSV,JSON,ARCHIMATE","","0","17","19","1"
"id-7b604159ceba4ac080e6c51cad478c55","Host Families","GitHub","AmpersandTarski/ampersand-models","Not found","en","XML,CSV,JSON,ARCHIMATE","","0","34","61","4"
"id-6a18db2b","SMAG V3","GitHub","amgadabdelhafez/IT4IT-RA-in-Archi","Not found","en","XML,CSV,JSON,ARCHIMATE","DUPLICATE","4","573","308","31"
"172cfc0e","9 Client Session State","GitHub","wilmerkrisp/patterns","Other","en","XML,CSV,JSON,ARCHIMATE","","0","42","43","1"
"570928ca","Xerofone","GitHub","borkdominik/CM2KG","MIT License","en","XML,CSV,JSON,ARCHIMATE","","0","128","75","10"
"_tm9r0NZOEeqgY5yD8SByCQ","ts5yr","GenMyModel","","","en","XML,CSV,JSON,ARCHIMATE","","0","16","13","1"
"2ee39ab4-14d4-41ef-8482-b59b462feab8","FluTrack","GitHub","Ecosify/COVID-Community-Health-App-Docs","Not found","en","XML,CSV,JSON,ARCHIMATE","WARNING","0","32","57","3"
"id-c874bd6f-c66d-4b19-82bb-909e4f300ead","Archi Banking Group Case","Other","","","en","XML,CSV,JSON,ARCHIMATE","","0","1385","2531","79"
"b49a7068","9 factories","GitHub","meta-tabchen/CCL2022-HumorComputing-Solution","Not found","en","XML,CSV,JSON,ARCHIMATE","DUPLICATE","1","34","44","3"
"_udxBwOA9Ee2WPKO9eknDFA","FleXtory Step 4","GenMyModel","","","en","XML,CSV,JSON,ARCHIMATE","","0","31","19","2"
"id-bd8090d37f1f4ebea1eccc5a45aee220","SpeedyCompany","GitHub","","","en","XML,CSV,JSON,ARCHIMATE","","0","107","157","7"
"id-7e1364ba-13c1-4f83-a0f7-af6cbd8c7b32","ATAM","GitHub","pieterderycke/archimate-tools","MIT","en","ARCHIMATE,XML,CSV,JSON","","0","30","39","1"
"id-f2582a54958740c58b4b3e64898459ab","mParticle","GitHub","","","en","XML,CSV,JSON,ARCHIMATE","","0","28","30","1"
"_S8g1YDO1EemuL8kiMfd-Jw","Integración PSP/Banco/COELSA","GenMyModel","","","en","XML,CSV,JSON,ARCHIMATE","","0","18","18","1"
"1910654e","NewLightning","GitHub","magnuskiro/NTNU","Not found","en","XML,CSV,JSON,ARCHIMATE","","0","115","119","9"
"a30f8ccf","Kinectical","GitHub","xufuou/Kinectical","Not found","en","XML,CSV,JSON,ARCHIMATE","","0","138","252","23"
"149d2cb3-a371-4e10-9385-e71dbad94cd7","(new model)","GitHub","pedroleitao1999/projetos","Not found","en","XML,CSV,JSON,ARCHIMATE","","0","27","26","1"
"id-3d54d4b1","EIRA v5.0.0","Other","","","en","XML,CSV,JSON,ARCHIMATE","DUPLICATE","1","623","1203","14"
"41272c17-d796-4f9c-9261-49ddf616dc7f","DM 2020 Template","GitHub","","","en","XML,CSV,JSON,ARCHIMATE","","0","15","13","1"
"_fIgpAJPFEeqqGZh46IEtXQ","Core.DA.Archimate","GenMyModel","","","en","XML,CSV,JSON,ARCHIMATE","","0","17","23","1"
"id-44e22461053d46fdaf1568c37283b9a0","(new model)","GitHub","","","en","XML,CSV,JSON,ARCHIMATE","","0","52","80","1"
"_DSEjgPdjEeqygJczXaaxEQ","hip-platform","GenMyModel","","","en","XML,CSV,JSON,ARCHIMATE","","0","58","77","8"
"030fbad3-cdb2-4ed5-96b5-b03a569eb482","hachyderm.io enterprise ","GitHub","bravok/hachyderm-architecture","Not found","en","XML,CSV,JSON,ARCHIMATE","","0","142","169","4"
"db0fef03-664f-463a-b7a5-47e7a5f396b1","ClusterCloud","GitHub","pfriedma/architecture-rpi","Unspecified","en","ARCHIMATE,XML,CSV,JSON","","0","92","134","13"
"_l_fD8KF6EemWLqKkNNGPFg","tim architectural diagram","GenMyModel","","","en","XML,CSV,JSON,ARCHIMATE","","0","17","16","1"
"d3654fb0-c160-41e9-bea1-4dcdb14adfe3","Tembea","GitHub","reiosantos/tembea","Not found","en","XML,CSV,JSON,ARCHIMATE","DUPLICATE","1","23","21","3"
"_XiLQwCPcEey-A40W5C_9dw","project IT478","GenMyModel","","","en","XML,CSV,JSON,ARCHIMATE","","0","15","13","1"
"id-cf89295323f94dfab6aedc29df7b9bf4","MEX0189-DWH-6.5 Detail","GitHub","","","en","XML,CSV,JSON,ARCHIMATE","","0","357","466","10"
"id-d350f11fa54a4d808c0f46b0f1912b23","(new model)","GitHub","","","en","XML,CSV,JSON,ARCHIMATE","","0","93","110","1"
"aef727b8","Service Locator","GitHub","wilmerkrisp/patterns","Other","en","XML,CSV,JSON,ARCHIMATE","DUPLICATE","1","35","43","1"
"6cb8c60e-ca62-42e6-8a11-7ae522ece81f","InfoSec","GitHub","scmunk/schugo","Not found","en","XML,CSV,JSON,ARCHIMATE","","0","130","119","5"
"625e5daa","6 standalone classes","GitHub","wilmerkrisp/patterns","Other","en","XML,CSV,JSON,ARCHIMATE","","0","17","12","1"
"id-96f2300553fe42ad9bfa0f0fcacd8dc4","Service Integration Overview","GitHub","DigiBP/Hoselupf","Apache License 2.0","en","ARCHIMATE,XML,CSV,JSON","","0","11","15","1"
"id-7e63340ae7204e1898181cc4fb327eb9","Modellenbibliotheek MVP","GitHub","pldn/rdf-respec","Unspecified","en","ARCHIMATE,XML,CSV,JSON","","0","10","11","1"
"id-28f1715d-5139-44b4-87fa-195c2d0ea57f","OpenDRR","GitHub","OpenDRR/documentation","Not found","en","XML,CSV,JSON,ARCHIMATE","","0","167","240","13"
"_vLFnkN0YEe24pIyRZ_lLDw","FleXtory Step 2","GenMyModel","","","en","XML,CSV,JSON,ARCHIMATE","","0","22","18","2"
"9ec7e367-4ee8-4ae2-b491-0c9bb1ef4db4","Pattern169: VendingMachine","GitHub","robertorgarcia/EAPatterns","Not found","en","XML,CSV,JSON,ARCHIMATE","","0","60","97","5"
"c9d94178-2a2c-4dd1-9dd0-ffedbb1f6ba7","11 Patterns for Type Model Design","GitHub","wilmerkrisp/patterns","Other","en","XML,CSV,JSON,ARCHIMATE","DUPLICATE","1","96","93","7"
"c2873127","1 Table Module","GitHub","wilmerkrisp/patterns","Other","en","XML,CSV,JSON,ARCHIMATE","DUPLICATE","1","20","13","1"
"c3c30aff","Command","GitHub","wilmerkrisp/patterns","Other","en","XML,CSV,JSON,ARCHIMATE","DUPLICATE","1","32","40","2"
"29044c9a","","Other","","","en","XML,CSV,JSON,ARCHIMATE","WARNING","0","64","52","1"
"1d2df9e1","9 open host service","GitHub","wilmerkrisp/patterns","Other","en","XML,CSV,JSON,ARCHIMATE","","0","26","56","2"
"b573d635","Visitor","GitHub","wilmerkrisp/patterns","Other","en","XML,CSV,JSON,ARCHIMATE","DUPLICATE,WARNING","1","186","246","4"
"id-477b58ac5114453ba1295231e71d0511","AACC-Baseline","GitHub","","","en","XML,CSV,JSON,ARCHIMATE","","0","123","217","2"
"8fd1f70c","PSNModelMate","GitHub","borkdominik/CM2KG","MIT","en","XML,CSV,JSON,ARCHIMATE","DUPLICATE","5","49","32","2"
"id-8d66e8ed-2b05-49dd-bdd4-8051ebffd4f9","SmellExample","GitHub","borkdominik/CM2KG","MIT","en","XML,CSV,JSON,ARCHIMATE","DUPLICATE","1","47","88","1"
"639c66a6","Adapter","GitHub","wilmerkrisp/patterns","Other","en","XML,CSV,JSON,ARCHIMATE","","0","14","20","5"
"72a4b5b6-5b33-49df-8fbb-36e3e931d39c","wfmc_reference_architecture","GitHub","I2PM/Cloudbased-S-BPM-WfMS","MIT","en","XML,CSV,JSON,ARCHIMATE","","0","45","59","1"
"id-4bb4b2d6","ServiceNow","GitHub","FekraTechnology/SmartSLA","MIT","en","XML,CSV,JSON,ARCHIMATE","","0","74","77","1"
"bf3cf619-5b1b-43bd-b5e3-98a4dd678ad1","Data Management by Design","GitHub","Data-Management-by-Design/DMbD","CC-BY-4.0","en","XML,CSV,JSON,ARCHIMATE","","0","334","418","16"
"_YHtXUEZ3EeqonN_RS9oRzw","hip-platform","GenMyModel","","","en","XML,CSV,JSON,ARCHIMATE","","0","58","77","8"
"3958abf2-9ff0-44f3-a1d5-3482c19aa420","Data model test","GenMyModel","","","en","XML,JSON","","0","20","16","2"
"4e9de18f","metamodel","GitHub","wilmerkrisp/patterns","Other","en","XML,CSV,JSON,ARCHIMATE","","0","94","154","3"
"id-c5fa666d-1cf4-4f3f-b386-f7fc605574fa","Interoperability testing snippet-9","GitHub","","","en","XML,CSV,JSON,ARCHIMATE","DUPLICATE","1","48","42","1"
"8a5c8fb2-3aec-4107-8598-d83b4c4e74c7","TOOP Architecture","GitHub","TOOP4EU/toop-goopra-models","Apache License 2.0","en","XML,CSV,JSON,ARCHIMATE","DUPLICATE","2","133","221","15"
"_gHMcwHnEEeqeQcxm9hmzHw","cs490LogicalComponent","GenMyModel","","","en","XML,CSV,JSON,ARCHIMATE","","0","22","3","1"
"4eeee352-c5fc-4ea8-b117-c39a2a6a20ee","Pattern166: BUSINESS INTELLIGENCE","GitHub","robertorgarcia/EAPatterns","Other","en","XML,CSV,JSON,ARCHIMATE","","0","37","59","4"
"9c94935f","Proxy","GitHub","wilmerkrisp/patterns","Other","en","XML,CSV,JSON,ARCHIMATE","","0","32","61","2"
"86a15137","Composite","GitHub","wilmerkrisp/patterns","Other","en","XML,CSV,JSON,ARCHIMATE","","0","52","49","2"
"9224720b","6 conformist","GitHub","wilmerkrisp/patterns","Other","en","XML,CSV,JSON,ARCHIMATE","","0","18","41","2"
"9f551bba-8c3c-48fd-99ed-0bd90fe02aba","Pattern173: Resources are Scarce","GitHub","robertorgarcia/EAPatterns","Not found","en","XML,CSV,JSON,ARCHIMATE","","0","70","95","6"
"8d459438","Observer","GitHub","wilmerkrisp/patterns","Other","en","XML,CSV,JSON,ARCHIMATE","","0","28","41","2"
"69e009be","8 Implicit Lock","GitHub","wilmerkrisp/patterns","Other","en","XML,CSV,JSON,ARCHIMATE","","0","27","43","1"
"_IZGy8JDSEeqwvcm2LAkYWA","Demo","GenMyModel","","","en","XML,CSV,JSON,ARCHIMATE","","0","65","58","1"
"id-11f5304f","Archisurance","GitHub","mmorga/archimate-diff","Apache License 2.0","en","XML,CSV,JSON,ARCHIMATE","DUPLICATE","6","120","176","17"
"7bf9da2d-5dd9-45a2-96b0-fc14a5841959","Data model test","GenMyModel","","","en","XML,JSON","","0","15","11","1"
"5ff858c6","2 continuous integration","GitHub","wilmerkrisp/patterns","Other","en","XML,CSV,JSON,ARCHIMATE","","0","25","45","2"
"2ed8335f","10 Registry","GitHub","wilmerkrisp/patterns","Other","en","XML,CSV,JSON,ARCHIMATE","","0","24","25","1"
"id-8aa550a3f57941e69cfd20a06a01e15b","Sandbox-Lapierre, Jean B","GitHub","sara-sabr/EA-models","CC0-1.0","en","ARCHIMATE,XML,CSV,JSON","WARNING","0","1439","1145","35"
"e032f791-f252-4435-941f-be413f061c77","Ethereum","GitHub","web3examples/ipfs","MIT","en","XML,CSV,JSON,ARCHIMATE","DUPLICATE","3","37","54","4"
"_x1T1wHNOEeyzq6ra3GZCdA","operation1","GenMyModel","","","en","XML,CSV,JSON,ARCHIMATE","","0","10","7","1"
"id-d33b0dca-0dff-4e51-a077-109a4cc204dd","The Open Group Commercial Aviation Reference Architecture","GitHub","sara-sabr/EA-models","CC0-1.0","en","ARCHIMATE,XML,CSV,JSON","","0","924","1225","72"
"id-7b8f2a6a","MDM","GitHub","CapgeminiNorway/AgileArchitect","Not found","en","XML,CSV,JSON,ARCHIMATE","DUPLICATE","4","10","13","1"
"87f3381e-e23f-4f7d-9d1f-7d481c25ffca","PFL","GitHub","ideacrew/archi_pfl","Not found","en","XML,CSV,JSON,ARCHIMATE","","0","116","114","2"
"18975096","PHT","GitHub","PersonalHealthTrain/Documentation","MIT","en","ARCHIMATE,XML,CSV,JSON","","0","55","85","7"
"2cc8b701-3a83-45bf-9da8-77b6c16a6b65","JSON and JSON Schema","GitHub","Archi-Blair/JSON-Schema-in-RBAC","Not found","en","XML,CSV,JSON,ARCHIMATE","","0","40","78","3"
"83985432","4a Embedded Value","GitHub","wilmerkrisp/patterns","Other","en","XML,CSV,JSON,ARCHIMATE","","0","97","140","1"
"id-43ca479363a342738a4a13979d380b09","ArchiMetal_ApplicationArchitecture","GitHub","borkdominik/CM2KG","MIT","en","XML,CSV,JSON,ARCHIMATE","","0","17","22","1"
"id-f9e405c50afb449692231e004717740e","ELAP invalid solution","GitHub","","","en","XML,CSV,JSON,ARCHIMATE","","0","30","20","1"
"7f68891f-b81e-45fc-9e3a-a13810623aa6","Generic Angular Application","GenMyModel","","","en","XML,JSON","","0","20","17","3"
"id-47347ba0398b47a989d1e608da58d00a","Assembler Refactoring","GitHub","apache/incubator-kie-drools","Apache License 2.0","en","ARCHIMATE,XML,CSV,JSON","","0","28","35","3"
"d4a0588e-c630-48ff-ba4c-925ab0707f51","VPL Case: Traveling with a low-cost airline","Other","unibz-core/vpl","Unspecified","en","XML,CSV,JSON,ARCHIMATE","WARNING","0","104","191","6"
"id-33790743a2234247ae1481343c93e6fd","Archi DevSecOps 0.1","GitHub","","","en","XML,CSV,JSON,ARCHIMATE","DUPLICATE","1","99","195","13"
"EAPK_DC0FE43C_E8E3_4b6e_ACD8_B7A3AB655837","RefArch_Per","GitHub","","","en","XML,CSV,JSON,ARCHIMATE","","0","505","406","42"
"2ed31cd1","1 model-driven design","GitHub","wilmerkrisp/patterns","Other","en","XML,CSV,JSON,ARCHIMATE","","0","22","21","3"
"_eJ7AoPndEeqzNvdhjEdfGw","Archimate","GenMyModel","","","en","XML,CSV,JSON,ARCHIMATE","","0","45","0","1"
"85906fa6","5 pluggable component framework","GitHub","wilmerkrisp/patterns","Other","en","XML,CSV,JSON,ARCHIMATE","","0","44","70","2"
"id-363d5e2d641f4975acd4fe60a0c5a2fb","heeus-ce-se","GitHub","voedger/voedger","MIT","en","ARCHIMATE,XML,CSV,JSON","","0","23","30","4"
"id-f9177a4512df4ecd9eaafdb1243f2bdd","ELAP valid solution","GitHub","","","en","XML,CSV,JSON,ARCHIMATE","DUPLICATE","1","41","40","1"
"id-5c84c74cb5bf4fe49486952ef88c98b6","TDW Glossary","GitHub","mwherman2000/tdw-glossary-1","Not found","en","XML,CSV,JSON,ARCHIMATE","","0","401","246","5"
"251a4ff3-8ee9-4577-b9b1-ab45b770e127","signal-collector","GitHub","cherkavi/python-utilities","Not found","en","XML,CSV,JSON,ARCHIMATE","","0","26","29","1"
"6e740d83-313a-41a8-8df5-5d59fe2bb596","(new model)","GitHub","S65-2-project/GoogleDriveDocumentation","Not found","en","XML,CSV,JSON,ARCHIMATE","","0","20","30","1"
"538fc6dc-10f0-4ab5-9fc0-016da138bd1e","ARCA","GitHub","","","en","XML,CSV,JSON,ARCHIMATE","","0","80","65","2"
"id-a5948529aa774cf68c513b01399eea49","OCHRO Digital Suite Tools","GitHub","sara-sabr/EA-models","CC0-1.0","en","ARCHIMATE,XML,CSV,JSON","","0","137","211","4"
"e67570ce-810c-44e5-826f-d7efa5eca049","app example 2 (SOAP)","GitHub","wilmerkrisp/patterns","Other","en","XML,CSV,JSON,ARCHIMATE","DUPLICATE,WARNING","1","624","801","2"
"id-5aa3ca6a-35dd-4a6c-b740-70b114f4e906","Interoperability testing snippet-5","GitHub","","","en","XML,CSV,JSON,ARCHIMATE","","0","25","34","1"
"28a05888","5 cohesive mechanisms","GitHub","wilmerkrisp/patterns","Other","en","XML,CSV,JSON,ARCHIMATE","","0","20","43","1"
"_27C5AJ5aEey6N7ehWr0kcg","New Trim Architecture","GenMyModel","","","en","XML,CSV,JSON,ARCHIMATE","","0","23","26","1"
"id-35d0515794504ab88cf22b157c7d0315","solid-hotel-architecture","GitHub","gergelyth/solid-hotel","MIT License","en","JSON,ARCHIMATE","","0","39","50","1"
"_57r9IKeREeuXgcfNRvw02A","PractiveManagementSystem","GenMyModel","","","en","XML,CSV,JSON,ARCHIMATE","","0","20","20","1"
"_-qW9QCf4EeqqcaoAsxFIeg","miconsulado","GenMyModel","","","en","XML,CSV,JSON,ARCHIMATE","","0","16","17","1"
"_BIveEEjSEeyo8oS76GR6Gg","Fast Data CVP 1 - Plataforma digital","GenMyModel","","","en","XML,CSV,JSON,ARCHIMATE","","0","32","23","1"
"id-e9c376179f6045199226f2572a0df591","Leadership Architect","GitHub","","","en","XML,CSV,JSON,ARCHIMATE","","0","68","63","3"
"424943f6-9b04-4907-8694-150907e682d1","Pattern001: Repair and Maintenance","GitHub","robertorgarcia/EAPatterns","Not found","en","XML,CSV,JSON,ARCHIMATE","","0","16","10","1"
"a769a433","10 Service Stub","GitHub","wilmerkrisp/patterns","Other","en","XML,CSV,JSON,ARCHIMATE","DUPLICATE","1","18","20","1"
"id-322369a4-b2ad-4c96-8d58-a5d264295809","ASPICE_Core_Model","GitHub","","","en","XML,CSV,JSON,ARCHIMATE","","0","341","284","17"
"id-8a5c8fb2-3aec-4107-8598-d83b4c4e74c7","TOOP Architecture","GitHub","TOOP4EU/toop-goopra-models","Apache License 2.0","en","XML,CSV,JSON,ARCHIMATE","DUPLICATE","2","105","183","12"
"_AVRawKdMEeqEM7mFKilpXw","chelnokov","GenMyModel","","","en","XML,CSV,JSON,ARCHIMATE","","0","10","12","1"
"0aabff01","7 Remote Facade","GitHub","wilmerkrisp/patterns","Other","en","XML,CSV,JSON,ARCHIMATE","","0","59","50","1"
"id-1e0b799e9264465ebc4f3bdb68aaa41e","Remote_mode","GitHub","rbccps-iisc/CAV_RECON","Unspecified","en","ARCHIMATE,XML,CSV,JSON","","0","24","45","1"
"_kF0XgBTdEeuxZMUIY-ihGw","homework chart","GenMyModel","","","en","XML,CSV,JSON,ARCHIMATE","","0","25","24","4"
"_B0T8gLOWEeuARqq-icHx7Q","Rentopolis Architecture","GenMyModel","","","en","XML,CSV,JSON,ARCHIMATE","","0","10","12","1"
"09a7e34a-f042-4426-9051-01740999b0c5","NLX Architecture","GitHub","VNG-Realisatie/archi-sandbox","Not found","en","XML,CSV,JSON,ARCHIMATE","","0","54","90","6"
"f16c85cb-083e-4f8f-9b60-4ade548e3899","PHT","GitHub","PersonalHealthTrain/Documentation","MIT","en","ARCHIMATE,XML,CSV,JSON","","0","31","44","2"
"id-a6dbfe1f-6b05-43dc-b52a-b6e3eed53315","Interoperability testing snippet-8","GitHub","","","en","XML,CSV,JSON,ARCHIMATE","","0","26","31","1"
"id-80e6f283abe34748a3d748120423a989","exercise3.06","GitHub","yasenstar/enterprise_architecture","GNU General Public License v3.0","en","XML,CSV,JSON,ARCHIMATE","","0","150","224","10"
"id-bd02ddb59fa646a5a82c1dd1a6af8b4c","EA Pyaterochka","GitHub","DanielVyazhev/Repository-DanielVyazhev","Not found","en","XML,CSV,JSON,ARCHIMATE","","0","227","237","3"
"id-1af2944d-77b2-4f6a-b0ec-06cf89d9043e","ArchiSurance 3.1 Case Study (revised)","Other","","","en","XML,CSV,JSON,ARCHIMATE","WARNING","0","361","605","69"
"id-3e48d508a67c419db9a9bce4ba305958","InsuranceCompanyIC","GitHub","","","en","XML,CSV,JSON,ARCHIMATE","","0","80","127","8"
"7b926c41","SaaS Tool Architecture","GitHub","Arktect-Co/archimate-model-importer","MIT License","en","XML,CSV,JSON,ARCHIMATE","DUPLICATE","1","132","252","11"
"_X54P0Hv9Ee29ie0vpi-P5A","OST","GenMyModel","","","en","XML,CSV,JSON,ARCHIMATE","","0","14","13","1"
"_HN1GgN0nEe24pIyRZ_lLDw","FleXtory MultiView","GenMyModel","","","en","XML,CSV,JSON,ARCHIMATE","","0","47","36","2"
"a7265fb3","Builder","GitHub","wilmerkrisp/patterns","Other","en","XML,CSV,JSON,ARCHIMATE","DUPLICATE","1","28","39","2"
"a7a32f2a","4 highlighted core","GitHub","wilmerkrisp/patterns","Other","en","XML,CSV,JSON,ARCHIMATE","DUPLICATE","1","20","44","1"
"aec0d78f-8aab-44fa-94a3-9637b8bd5485","Kong","GitHub","danielwagn3r/apimgmt-workshop","Not found","en","XML,CSV,JSON,ARCHIMATE","DUPLICATE","1","10","8","2"
"d229547f","integration of bouded contexts through message queue","GitHub","wilmerkrisp/patterns","Other","en","XML,CSV,JSON,ARCHIMATE","DUPLICATE","1","56","111","1"
"id-8b658a318d5b4050bf33a29eacf16564","(new model)","GitHub","Arktect-Co/archimate-model-importer","MIT","en","ARCHIMATE,XML,CSV,JSON","WARNING","0","92","41","4"
"545a38a6","5 value-objects","GitHub","wilmerkrisp/patterns","Other","en","XML,CSV,JSON,ARCHIMATE","","0","53","59","2"
"227120ec-5a57-437e-9e81-51af20d6354c","Sustainable patterns","GitHub","robertorgarcia/EAPatterns","Not found","en","XML,CSV,JSON,ARCHIMATE","","0","144","140","17"
"_BWVooGzUEeqJq9Vex_oBDg","Component Just One","GenMyModel","","","en","XML,CSV,JSON,ARCHIMATE","","0","26","12","1"
"id-tTst6Tnnt.mTst6Mdl","Test6 Model","GitHub","mwherman2000/PSN.ModelMate","MIT","en","XML,CSV,JSON,ARCHIMATE","DUPLICATE","5","95","102","2"
"38dbf9d3-ca37-4f87-b172-a374a2661440","(new model)","GitHub","tarnjotsingh/wellbeing-project-report","Not found","en","XML,CSV,JSON,ARCHIMATE","","0","17","22","1"
"31a56228-e826-46bf-812a-4fc7be7c6cdb","Chatbot","GitHub","IndiOPrime/archi_test","Not found","en","XML,CSV,JSON,ARCHIMATE","","0","158","219","12"
"id-8764c21778384f63aea9defc8189ad51","APV","GitHub","","","en","XML,CSV,JSON,ARCHIMATE","","0","68","81","3"
"id-c6ce7dca631c4935b22dbf4b04a315a5","CaseStudy_y164_ArchiMetal","GitHub","yasenstar/enterprise_architecture","GNU General Public License v3.0","en","XML,CSV,JSON,ARCHIMATE","","0","174","258","15"
"_Z7j5AHR2EeqHBZyMlFJVZw","Path Planning","GenMyModel","","","en","XML,CSV,JSON,ARCHIMATE","","0","35","41","1"
"040e9057","6 Model View Controller","GitHub","wilmerkrisp/patterns","Other","en","XML,CSV,JSON,ARCHIMATE","","0","22","31","1"
"_tyPiQJRmEey7XMPwOAXJ1g","Prisna Capital","GenMyModel","","","en","XML,CSV,JSON,ARCHIMATE","","0","11","14","1"
"c77a0bd4-c4f9-41c7-9832-076cbb4dcf6e","Risk and Security Overlay","Other","","","en","XML,CSV,JSON,ARCHIMATE","WARNING","0","323","556","27"
"EAPK_1F275A5A_1926_4a2b_94DF_509A31481045","(new model)","GitHub","Arktect-Co/archimate-model-importer","MIT License","en","XML,CSV,JSON,ARCHIMATE","","0","97","45","4"
"id-b38298279bf9403ca2b84a5d73c9eedb","MOCA-CMS","GitHub","ADSIDIG/archi","Not found","en","XML,CSV,JSON,ARCHIMATE","","0","211","284","75"
"198667f9-f68d-46a1-8bf6-01c97c861d17","Body","GitHub","","","en","XML,CSV,JSON,ARCHIMATE","","0","48","60","8"
"177c1bb0","eSENS-Metamodel","Other","","","en","XML,CSV,JSON,ARCHIMATE","","0","27","25","3"
"id-0c8c2f5a","one Subdomain per Bounded Context","GitHub","wilmerkrisp/patterns","Other","en","XML,CSV,JSON,ARCHIMATE","","0","16","30","1"
"id-ac81e844538b4a98bbacdadd1e2a771a","ArchiMate_Cookbook","GitHub","yasenstar/EA","GPL 3.0","en","ARCHIMATE,XML,CSV,JSON","WARNING","0","92","127","7"
"f3399bcd-1773-4a1b-9c27-582a11751c46","(new model)","GitHub","tarnjotsingh/wellbeing-project-report","Not found","en","XML,CSV,JSON,ARCHIMATE","DUPLICATE","3","42","66","1"
"_tbf2AK8cEeyVi7WGkDHboQ","airopay project timeline","GenMyModel","","","en","XML,CSV,JSON,ARCHIMATE","","0","18","15","1"
"71a9c29b","Alastria","GitHub","gelokatil/alastria-node_ceu","Apache License 2.0","en","XML,CSV,JSON,ARCHIMATE","","0","109","289","6"
"_fgRHAFV7Eeuh5NpLcuE3vA","RM workflow","GenMyModel","","","en","XML,CSV,JSON,ARCHIMATE","","0","15","14","1"
"id-882e0c2d64324cb1a5598ef4a670fd17","Contract Rummy","GitHub","","","en","XML,CSV,JSON,ARCHIMATE","","0","59","74","4"
"id-6d2ef878a2e34ab0891a140e24e3e201","Rentovia","GitHub","","","en","XML,CSV,JSON,ARCHIMATE","","0","58","91","3"
"id-fd7f332f-d9a0-474c-899a-6b333f9d4c6f","Capability model","GitHub","finos/waltz","Apache License 2.0","en","XML,CSV,JSON,ARCHIMATE","","0","228","223","1"
"id-45a9ac5f","Open Day","GitHub","davres1/ArchiModels","MIT","en","XML,JSON","","0","27","37","4"
"Id-tPrFJbaGAqAAHkfQ","
	","GitHub","","","en","XML,CSV,JSON,ARCHIMATE","","0","118","445","1"
"id-733a32f8da6e40e9abc6bae769f34440","Archi-Meta-Model","GitHub","yasenstar/EA","GPL 3.0","en","ARCHIMATE,XML,CSV,JSON","WARNING","0","91","111","16"
"_crI_IFTaEeuh5NpLcuE3vA","Requirements management RASU official","GenMyModel","","","en","XML,CSV,JSON,ARCHIMATE","","0","11","12","1"
"9bbd7fb2","app example 3 (REST)","GitHub","wilmerkrisp/patterns","Other","en","XML,CSV,JSON,ARCHIMATE","WARNING","0","99","123","1"
"_aI0ncKTSEeqEM7mFKilpXw","ResearchPlatformStructure","GenMyModel","","","en","XML,CSV,JSON,ARCHIMATE","","0","10","10","3"
"_1QhwwNlzEe2JhIahQQsnAA","FleXtory Objective","GenMyModel","","","en","XML,CSV,JSON,ARCHIMATE","","0","31","31","1"
"99f49934","Linked Data Theatre","GitHub","architolk/Linked-Data-Theatre","GNU General Public License v3.0","en","XML,CSV,JSON,ARCHIMATE","","0","55","53","6"
"id-9f6b85e5f5994b70b91ca411cd101755","lastpass","Other","","","en","XML,CSV,JSON,ARCHIMATE","WARNING","0","74","125","2"
"id-104ef6677b314ceeb33d39418722980c","Plutus","GitHub","ShathaCodes/Plutus","Not found","en","XML,CSV,JSON,ARCHIMATE","","0","70","86","5"
"id-87bd351a-406a-4fc7-af3e-9bc0d9311725","CentralModel","Other","","","en","XML,CSV,JSON,ARCHIMATE","DUPLICATE","1","171","250","1"
"_JdNQYIh8Eeu9--9sQCgRag","usecase","GenMyModel","","","en","XML,CSV,JSON,ARCHIMATE","","0","21","11","3"
"_CsP0ECWOEeuxZMUIY-ihGw","payments-arch","GenMyModel","","","en","XML,CSV,JSON,ARCHIMATE","","0","18","20","1"
"ea179add-f04d-4fbd-a585-215546bbf505","Data model test","GenMyModel","","","en","XML,CSV,JSON,ARCHIMATE","","0","20","16","1"
"c55910bd","Bridge","GitHub","wilmerkrisp/patterns","Other","en","XML,CSV,JSON,ARCHIMATE","DUPLICATE","1","122","165","4"
"0c7decbf","2 Table Data Gateway","GitHub","wilmerkrisp/patterns","Other","en","XML,CSV,JSON,ARCHIMATE","","0","30","41","1"
"id-8310bfe4b60f4d808ead9b1f256752cd","Driving Licence Enterprise","GitHub","egrandry/mssi-archimate","Not found","en","XML,CSV,JSON,ARCHIMATE","","0","132","200","18"
"53a0b637-90e3-452d-a96c-1d41fb55d5a4","Gambo","GitHub","vojtob/personal.gambo2","Not found","en","XML,CSV,JSON,ARCHIMATE","","0","39","58","4"
"id-ccfa3f08-96c0-453c-96b0-8a55f6469428","The Open Group Information Architecture: Business Intelligence & Analytics and Metadata Management Reference Models","Other","","","en","XML,CSV,JSON,ARCHIMATE","","0","141","108","3"
"id-ca511faf1c904f9981a2af65e3943a6d","tinker","GitHub","olom70/archi-external-use","MIT License","en","XML,CSV,JSON,ARCHIMATE","DUPLICATE","1","292","284","3"
"0dc4bc77","docker-swarm","GitHub","vfarcic/vfarcic.github.io","MIT License","en","XML,CSV,JSON,ARCHIMATE","","0","34","31","11"
"id-ddd76db7694a4269a3e0c285aa46e994","EJPRD","GitHub","","","en","XML,CSV,JSON,ARCHIMATE","","0","77","98","3"
"10b44d99","6b Transform View","GitHub","wilmerkrisp/patterns","Other","en","XML,CSV,JSON,ARCHIMATE","","0","50","72","1"
"e58d3dee-cad0-4540-bb61-ffa2fd976e2f","EdTheDevSlideDecks","GitHub","edthedev/edthedev.github.io","Not found","en","XML,CSV,JSON,ARCHIMATE","DUPLICATE","1","39","32","5"
"0a4ff1ab","Integration of bouded contexts through flat files","GitHub","wilmerkrisp/patterns","Other","en","XML,CSV,JSON,ARCHIMATE","","0","59","111","1"
"_cPxcgJIJEeuPNLbtyXZyHA","Archimate - Qlikview and Microservices","GenMyModel","","","en","XML,CSV,JSON,ARCHIMATE","","0","59","57","1"
"1284174a","dependency Inversion","GitHub","wilmerkrisp/patterns","Other","en","XML,CSV,JSON,ARCHIMATE","","0","31","48","1"
"id-bd0b26ace24643c3be76b97bdcab430b","TDW2022 0.5","GitHub","mwherman2000/TrustedDigitalWeb","MIT License","en","XML,CSV,JSON,ARCHIMATE","","0","148","173","7"
"_BMKqcAmMEeu_35Z1GKTxtw","hhhiiii","GenMyModel","","","en","XML,CSV,JSON,ARCHIMATE","","0","43","13","1"
"60bd15bf","PSN ModelMate for API Analysis","GitHub","mwherman2000/PSN.ModelMate","MIT","en","XML,CSV,JSON,ARCHIMATE","DUPLICATE","2","14","14","1"
"id-b3a748acaeab4db5a99d18998a9d8145","BigID-DataDiscovery","GitHub","","","en","XML,CSV,JSON,ARCHIMATE","","0","39","70","1"
"ecade05f","10 Value Object","GitHub","wilmerkrisp/patterns","Other","en","XML,CSV,JSON,ARCHIMATE","DUPLICATE","1","43","34","2"
"id-5243c74a-9b55-4663-8f3f-b267423583c3","BIAN Metamodel","Other","","","en","XML,CSV,JSON,ARCHIMATE","DUPLICATE","2","178","389","9"
"1aab120d","Facade","GitHub","wilmerkrisp/patterns","Other","en","XML,CSV,JSON,ARCHIMATE","","0","45","49","3"
"_Vqe6kPQIEeqygJczXaaxEQ","Hanhikivi conformity assessment","GenMyModel","","","en","XML,CSV,JSON,ARCHIMATE","","0","16","15","1"
"id-2f8ace2e5534460cbbdb7e44710c8ce9","patterns","Other","","","en","XML,CSV,JSON,ARCHIMATE","WARNING","0","41","73","1"
"Id-bGM_T46GAqACOAr4","Knuts models","GitHub","DevidMontecchiari/archimateToArchiMEO","CC0-1.0","en","ARCHIMATE,XML,CSV,JSON","","0","168","147","9"
"8ac31090","Meta-model","Other","","","en","XML,CSV,JSON,ARCHIMATE","","0","29","95","1"
"id-91edb5e7-9903-4a2c-867e-40db2b10cb5a","ArchiMetal 3.1","Other","","","en","XML,CSV,JSON,ARCHIMATE","","0","496","761","67"
"d5c56a3c","8 Pessimistic Offline Lock","GitHub","wilmerkrisp/patterns","Other","en","XML,CSV,JSON,ARCHIMATE","DUPLICATE","1","23","36","1"
"4d1d1da3-23ba-4562-a6c8-bca223c644fb","WildRiverControl","GitHub","michalbogdanowicz/EA-2020","MIT","en","XML,CSV,JSON,ARCHIMATE","WARNING","0","561","853","14"
"id-640847346f82411da60a9912a169a11d","prevention_chain","Other","","","en","XML,CSV,JSON,ARCHIMATE","WARNING","0","19","27","1"
"_lXDegI5CEeu9--9sQCgRag","Requirements management RASU official","GenMyModel","","","en","XML,CSV,JSON,ARCHIMATE","","0","11","12","1"
"928f9bf0","4a Foreign Key Mapping","GitHub","wilmerkrisp/patterns","Other","en","XML,CSV,JSON,ARCHIMATE","","0","58","101","1"
"3d585b1a","Data API Source","GitHub","CapgeminiNorway/AgileArchitect","Not found","en","XML,CSV,JSON,ARCHIMATE","","0","13","20","1"
"_mA9nIBgJEeqDmNBP3mfLQg","PRINCE21","GenMyModel","","","en","XML,CSV,JSON,ARCHIMATE","","0","12","18","2"
"_ocaeUNs5EeyR_KDGOPNL5w","exemple hierarchy","GenMyModel","","","en","XML,CSV,JSON,ARCHIMATE","","0","33","33","1"
"_2GcGsOBmEe2WPKO9eknDFA","Database of Face Recognition System","GenMyModel","","","en","XML,CSV,JSON,ARCHIMATE","","0","22","7","1"
"898dffcb-810e-4531-a468-15db86d92d78","Pattern141: PERSONALIZATION","GitHub","robertorgarcia/EAPatterns","Not found","en","XML,CSV,JSON,ARCHIMATE","","0","67","112","7"
"5e13b46b","10 Plugin","GitHub","wilmerkrisp/patterns","Other","en","XML,CSV,JSON,ARCHIMATE","","0","24","23","1"
"4ebc04fc-2280-4de1-8325-15de658b4198","core-pipeline-design","GitHub","voedger/voedger","MIT","en","ARCHIMATE,XML,CSV,JSON","WARNING","0","182","235","17"
"c35a7e34-683f-4cc0-bc2c-4f87409742cd","nva_final_login_feature","GitHub","BIBSYSDEV/nva-architecture","Not found","en","XML,CSV,JSON,ARCHIMATE","DUPLICATE","3","17","20","1"
"_nXlR0NV_Ee2rYP8-S09m2Q","srmsecurity","GenMyModel","","","en","XML,CSV,JSON,ARCHIMATE","","0","188","142","4"
"id-LK_OS_TEMPLATE_SYSARCH_Testing_ArchiMate_3.0_Configuration","ArchiSurance V3","GitHub","mmorga/archimate-diff","Apache License 2.0","en","XML,CSV,JSON,ARCHIMATE","DUPLICATE","1","119","179","17"
"id-3f066fad97764fc6a535066464f43ddd","HIV Case Reporting Architecture","GitHub","PATH-Global-Health/cs-hiv-vn-architecture","Creative Commons Zero v1.0 Universal","en","XML,CSV,JSON,ARCHIMATE","DUPLICATE","2","50","63","3"
"372288bf","4b Single Table Inheritance","GitHub","wilmerkrisp/patterns","Other","en","XML,CSV,JSON,ARCHIMATE","","0","55","81","1"
"0b5805b6","Template Method","GitHub","wilmerkrisp/patterns","Other","en","XML,CSV,JSON,ARCHIMATE","WARNING","0","78","108","3"
"eda90c04","Network generation - level 1","GitHub","magwas/netgen","Unspecified","en","ARCHIMATE,XML,CSV,JSON","","0","15","19","2"
"id-458248c1a047442cbef54869c42a7c89","library","GitHub","pauliev/archi_library","Not found","en","XML,CSV,JSON,ARCHIMATE","","0","27","7","4"
"__LODoC_EEeqqcaoAsxFIeg","ResearchPlatformStructure","GenMyModel","","","en","XML,CSV,JSON,ARCHIMATE","","0","16","20","2"
"_bKP5kEimEe22546wEPhU_w","lab2interactiuena","GenMyModel","","","en","XML,CSV,JSON,ARCHIMATE","","0","17","22","1"
"id-4357f2e4-d7f5-4c29-a29a-31e581453c45","test","GitHub","","","en","XML,CSV,JSON,ARCHIMATE","","0","28","47","1"
"43bad642","9 Server Session State","GitHub","wilmerkrisp/patterns","Other","en","XML,CSV,JSON,ARCHIMATE","","0","26","37","1"
"c91a8a77-27cf-4d03-a4f0-3d173be4edaa","OOP","GitHub","","","en","XML,CSV,JSON,ARCHIMATE","","0","94","111","9"
"62327ae6-cd0b-4d9d-8452-489a323c7a8c","repositoryUMCU","GitHub","AmpersandTarski/Ampersand","GPL-3.0","en","ARCHIMATE,XML,CSV,JSON","","0","76","75","2"
"33d23ca4","Chain of Responsibility","GitHub","wilmerkrisp/patterns","Other","en","XML,CSV,JSON,ARCHIMATE","","0","52","78","2"
"54c623e4","1 Service Layer","GitHub","wilmerkrisp/patterns","Other","en","XML,CSV,JSON,ARCHIMATE","","0","16","11","1"
"id-3962e765097b49238d714415169e164a","BA-Fin","GitHub","yasenstar/enterprise_architecture","GNU General Public License v3.0","en","XML,CSV,JSON,ARCHIMATE","","0","180","118","8"
"id-2492aa74-8f3d-4391-a818-3ebe20021725","Interoperability testing snippet-4","GitHub","","","en","XML,CSV,JSON,ARCHIMATE","","0","28","33","1"
"85069f48-2ca3-48e4-8755-f456ee399f4b","Acceptance Platform","GitHub","sign-in-canada/Models","MIT","en","XML,CSV,JSON,ARCHIMATE","","0","35","47","2"
"910d7207-bc6c-4df3-812c-17365ac27a98","BIAN v2","GitHub","","","en","XML,CSV,JSON,ARCHIMATE","","0","4003","5641","328"
"a27642c2","10 Gateway","GitHub","susanli2016/Machine-Learning-with-Python","Not found","en","XML,CSV,JSON,ARCHIMATE","DUPLICATE","1","36","39","1"
"5d86c4df-976c-4a72-b49c-e1a7acab44b0","(new model)","GitHub","ovaaq/reciptory","Unspecified","en","ARCHIMATE,XML,CSV,JSON","","0","58","55","1"
"a6414fe3-a968-441d-aca9-f20e142b496e","toop-framework","GitHub","TOOP4EU/toop-goopra-models","Apache License 2.0","en","XML,CSV,JSON,ARCHIMATE","DUPLICATE","1","16","17","1"
"_XEJVoG5GEeyzq6ra3GZCdA","Fast Data CVP 1 - Plataforma digital","GenMyModel","","","en","XML,CSV,JSON,ARCHIMATE","","0","32","23","1"
"_EdyFkKh7EeqEM7mFKilpXw","PaperCut-Archimate","GenMyModel","","","en","XML,CSV,JSON,ARCHIMATE","","0","20","19","1"
"4fae4e7f","6a Application Controller","GitHub","wilmerkrisp/patterns","Other","en","XML,CSV,JSON,ARCHIMATE","","0","94","114","1"
"id-157c8a6adcaf400cbdb33b1c67b786ce","k8s","GitHub","maxim-ge/k8s-archi","MIT License","en","XML,CSV,JSON,ARCHIMATE","","0","92","130","12"
"_JRaFIOfBEeyT2eHQCkc07g","SURROGATE AND PL","GenMyModel","","","en","XML,CSV,JSON,ARCHIMATE","","0","15","29","1"
"3cb9dcfa-8771-47fb-ba64-6d552f47eccc","2 Observations and Measurements","GitHub","wilmerkrisp/patterns","Other","en","XML,CSV,JSON,ARCHIMATE","","0","50","76","13"
"_nxdPIFsjEeul4L4ngN2BiA","AutonomesÖV","GenMyModel","","","en","XML,CSV,JSON,ARCHIMATE","","0","55","0","1"
"id-e98e7aaafd31465d85a9f984baa31ad7","ArchiMetal_ActivityModel","GitHub","borkdominik/CM2KG","MIT","en","XML,CSV,JSON,ARCHIMATE","","0","13","19","1"
"10bfe7c2-74e3-4204-aa1d-a3cfe52e3ba9","AMS2020_G010_E!","GitHub","RafaelAlexandreIST/College-Projects","Not found","en","XML,CSV,JSON,ARCHIMATE","","0","199","281","2"
"id-e3d6649534b64f8da8c514e786865589","FAS_model","GitHub","","","en","XML,CSV,JSON,ARCHIMATE","","0","242","287","7"
"efc8dd11","integration of bouded contexts through enterprise service bus","GitHub","wilmerkrisp/patterns","Other","en","XML,CSV,JSON,ARCHIMATE","DUPLICATE","1","57","107","1"
"id-d7a9359a8380494c8a639226a7a19fed","Slack","GitHub","voedger/voedger","MIT","en","ARCHIMATE,XML,CSV,JSON","","0","54","25","4"
"cafa4964","4 entities","GitHub","wilmerkrisp/patterns","Other","en","XML,CSV,JSON,ARCHIMATE","DUPLICATE","1","59","66","3"
"b2b6b468","4b Concrete Table Inheritance","GitHub","wilmerkrisp/patterns","Other","en","XML,CSV,JSON,ARCHIMATE","DUPLICATE","1","33","35","1"
"id-6809f538-6899-4f5d-8123-0ff8000cd486","Interoperability testing snippet-1","GitHub","","","en","XML,CSV,JSON,ARCHIMATE","","0","25","26","2"
"id-c4bba3876a1b48d186c73843f80dfbf6","Herald","GitHub","theheraldproject/theheraldproject.github.io","Other","en","XML,CSV,JSON,ARCHIMATE","","0","128","215","5"
"b189ea71-0845-47d9-acee-a103b612f77f","DMS light","GitHub","d-lopes/dmsplus","Apache License 2.0","en","XML,CSV,JSON,ARCHIMATE","DUPLICATE","1","25","41","2"
"d563e02d-b86a-49aa-bae2-c652fc8e2bdd","dev.digitaltwins.info","GitHub","maxromanov/TreeWalk","GNU General Public License v3.0","en","XML,CSV,JSON,ARCHIMATE","DUPLICATE","1","37","28","5"
"_ACPIkCd3Ee2TQ77rRj9fOQ","exemple hierarchy","GenMyModel","","","en","XML,CSV,JSON,ARCHIMATE","","0","33","33","1"
"11f5304f","Archisurance","GitHub","mmorga/archimate-diff","Eclipse Public License 2.0","en","XML,CSV,JSON,ARCHIMATE","DUPLICATE","5","134","186","18"
"c948ad83-75f7-4d37-bd0a-90a14d090081","Proyecto APP BPP","GitHub","ingromeo/archimate-mbbk","Not found","en","XML,CSV,JSON,ARCHIMATE","","0","110","193","17"
"_jhm2sIv9Ee29ie0vpi-P5A","edumeet-nordunet","GenMyModel","","","en","XML,CSV,JSON,ARCHIMATE","","0","15","13","1"
"2fa42151","GateKeeper","GitHub","mohammad-yazdani/gatekeeper","MIT","en","XML,CSV,JSON,ARCHIMATE","","0","19","3","7"
"2d7ccae9","Memento","GitHub","wilmerkrisp/patterns","Other","en","XML,CSV,JSON,ARCHIMATE","","0","26","33","2"
"_AtHVwNc4Ee2rYP8-S09m2Q","srmsecurity","GenMyModel","","","en","XML,CSV,JSON,ARCHIMATE","","0","126","86","2"
"afc1a117","openseamap propsal","GitHub","magwas/oseam2kap","Unspecified","en","ARCHIMATE,XML,CSV,JSON","","0","39","58","5"
"_do0bYLqBEe2iMaDbHjOx0Q","PRINCE","GenMyModel","","","en","XML,CSV,JSON,ARCHIMATE","","0","12","18","1"
"id-m-dce25409-8342-4632-858c-11cba75a4154","Model","GitHub","","","en","XML,CSV,JSON,ARCHIMATE","DUPLICATE","1","118","59","1"
"id-c04b794a00fd43e98139a1a3fd24ef91","(new model)","GitHub","","","en","XML,CSV,JSON,ARCHIMATE","","0","98","102","2"
"f6c62387-7798-42c9-b802-df04460941c9","Patterns model","GitHub","","","en","XML,CSV,JSON,ARCHIMATE","","0","21","19","3"
"id-723b6dc3-1c32-41a5-a02b-6d27b40c34d8","Meta Model and Patterns","GitHub","smileham/archimate-metamodel-patterns","Not found","en","XML,CSV,JSON,ARCHIMATE","WARNING","0","442","674","54"
"id-5f1b868ce86d44c0824994fb5651137e","VC-ARM - Verifiable Credentials Achitecture Reference Model (ARM)","GitHub","","","en","XML,CSV,JSON,ARCHIMATE","DUPLICATE","3","51","72","3"
"3e93137a-0a59-494c-b3f0-52e44a22887c","bravok.github.io","GitHub","bravok/bravok.github.io","Not found","en","XML,CSV,JSON,ARCHIMATE","","0","97","99","5"
"4bb4b2d6","ServiceNow","GitHub","borkdominik/CM2KG","MIT","en","XML,CSV,JSON,ARCHIMATE","","0","74","77","1"
"_4m0wMLJLEeuARqq-icHx7Q","MODELMINI222222","GenMyModel","","","en","XML,CSV,JSON,ARCHIMATE","","0","12","17","1"
"5ac4a4b8-9fa0-460d-8f23-e980ae7b0713","Yodata","GitHub","Yodata/yodata","MIT","en","XML,CSV,JSON,ARCHIMATE","","0","35","23","2"
"55476f78-659e-4040-81f4-312432ccdd0c","7 Trading","GitHub","wilmerkrisp/patterns","Other","en","XML,CSV,JSON,ARCHIMATE","","0","46","62","5"
"_Nr7xQMqAEeuyUouQYKpTOg","PSB UML","GenMyModel","","","en","XML,CSV,JSON,ARCHIMATE","","0","13","7","3"
"id-8fd1f70c","PSNModelMate","GitHub","mwherman2000/PSN.ModelMate","MIT","en","XML,CSV,JSON,ARCHIMATE","DUPLICATE","5","279","217","17"
"id-43a1bdf8-2694-4d8b-934d-718f7f69e9b2","Archisurance","GitHub","jbaragry/ardoq-archimate","Other","en","XML,JSON","DUPLICATE","1","122","178","17"
"id-36b3539fd2ba491ebe6261a883f3a4f1","Docker networking","GitHub","","","en","XML,CSV,JSON,ARCHIMATE","","0","39","108","2"
"0c6fbcf4-57de-4e25-a1b4-d9a0fa460c16","ASPICE","GitHub","alef1986/ASPICE-Archi","GNU General Public License v3.0","en","XML,CSV,JSON,ARCHIMATE","","0","639","1296","68"
"id-e5f13cc121154144b7817df176c00f7b","pizza-delivery","GitHub","MrRubberneck/archibald","Apache License 2.0","en","ARCHIMATE,XML,CSV,JSON","","0","21","23","1"
"_nrg4UJLBEe29ie0vpi-P5A","ahahaha","GenMyModel","","","en","XML,CSV,JSON,ARCHIMATE","","0","19","20","1"
"1f0d7762-0011-48d2-a572-f535f1e5a423","Open Government of Canada Architecture Git Repository","GitHub","canada-ca/architecture","MIT License","en","XML,CSV,JSON,ARCHIMATE","","0","88","63","29"
"_gOHFUBKcEeuxZMUIY-ihGw","enterprise","GenMyModel","","","en","XML,CSV,JSON,ARCHIMATE","","0","12","27","2"
"id-0e531b30","11 domain events","GitHub","wilmerkrisp/patterns","Other","en","XML,CSV,JSON,ARCHIMATE","","0","147","239","6"
"e78440e0","Interpreter","GitHub","wilmerkrisp/patterns","Other","en","XML,CSV,JSON,ARCHIMATE","DUPLICATE","1","60","81","2"
"id-b8ac1695278943f9be71a3b30618decd","Proyecto","GitHub","","","en","XML,CSV,JSON,ARCHIMATE","","0","80","77","7"
"id-34b271d20e4d4b848671f4e6c994f50a","Zoo","GitHub","FrostTusk/Zoo-ArchiMate","MIT","en","XML,CSV,JSON,ARCHIMATE","","0","180","257","14"
"f29d6443-86f3-4938-a117-ca42f5e0e61f","System and Software Engineering Standards","GitHub","alef1986/Systems-Engineering-Standards","GNU General Public License v3.0","en","XML,CSV,JSON,ARCHIMATE","","0","94","88","4"
"4f5cd366","8 Coarse-Grained Lock","GitHub","wilmerkrisp/patterns","Other","en","XML,CSV,JSON,ARCHIMATE","","0","31","49","1"
"8eb1f645","10 published language","GitHub","wilmerkrisp/patterns","Other","en","XML,CSV,JSON,ARCHIMATE","","0","33","65","3"
"_SJzDMK3AEemHYc7DDM2g2A","","GenMyModel","","","en","XML,CSV,JSON,ARCHIMATE","","0","120","160","10"
"_i10OYEesEeqonN_RS9oRzw","Angular22","GenMyModel","","","en","XML,CSV,JSON,ARCHIMATE","","0","20","17","3"
"id-54c7dff1caa743febe6d27e02ae711df","Example","Unknown","","","en","XML,CSV,JSON,ARCHIMATE","DUPLICATE","1","27","35","1"
"id-0483c8a4a504441aa8658e8c48cf50c3","SPC19","GitHub","Universidad-de-La-Laguna/catedraBOB-spc19-doc","Not found","en","XML,CSV,JSON,ARCHIMATE","","0","137","259","5"
"_HhbHILFjEeuARqq-icHx7Q","payments-arch2","GenMyModel","","","en","XML,CSV,JSON,ARCHIMATE","","0","24","19","2"
"_jYI1EBeYEeqDmNBP3mfLQg","PRINCE2","GenMyModel","","","en","XML,CSV,JSON,ARCHIMATE","","0","12","18","1"
"id-8688bca85fdd4a2da3f91f3e1e4fb514","BIZBOK10.0","GitHub","yasenstar/enterprise_architecture","GNU General Public License v3.0","en","XML,CSV,JSON,ARCHIMATE","","0","289","276","22"
"6381b05a-ab98-4983-947c-b38dbe0460b8","Pattern179: YouHaveMail","GitHub","robertorgarcia/EAPatterns","Not found","en","XML,CSV,JSON,ARCHIMATE","","0","82","173","7"
"id-c495f4d2-49b4-429c-a8d6-2b111d156b06","Interoperability testing snippet-7","GitHub","","","en","XML,CSV,JSON,ARCHIMATE","","0","12","15","1"
"2ab2e079-ef01-4293-b00b-7e18cb578fdf","Portal Cliente","GitHub","","","en","XML,CSV,JSON,ARCHIMATE","","0","54","66","4"
"0acea278","FastClaim","GitHub","myth/trashcan","GNU General Public License v2.0","en","XML,CSV,JSON,ARCHIMATE","","0","28","38","1"
"f9e55ffd","10 Record Set","GitHub","wilmerkrisp/patterns","Other","en","XML,CSV,JSON,ARCHIMATE","DUPLICATE","1","108","134","1"
"37aeccac","(new model)","GitHub","dniel/blogr-pve","Not found","en","XML,CSV,JSON,ARCHIMATE","","0","46","56","2"
"_QCVd8LDFEe2iMaDbHjOx0Q","architecture","GenMyModel","","","en","XML,CSV,JSON,ARCHIMATE","","0","20","11","1"
"_0AVyEPp7EemPd5ZtCQMxVQ","1c-study-mobilebank","GenMyModel","","","en","XML,CSV,JSON,ARCHIMATE","","0","102","89","1"
"_UfZEgNtgEeyR_KDGOPNL5w","running exemple","GenMyModel","","","en","XML,CSV,JSON,ARCHIMATE","","0","18","21","1"
"id-4f2a2c52-59ba-4d97-9e55-9259ed06f36c","Interoperability testing snippet-2","GitHub","","","en","XML,CSV,JSON,ARCHIMATE","","0","25","24","1"
"4031ec40","10 Special Case","GitHub","wilmerkrisp/patterns","Other","en","XML,CSV,JSON,ARCHIMATE","","0","21","25","1"
"059db8b6","Ronda","GitHub","stutzlab/tracker","Unspecified","en","ARCHIMATE,XML,CSV,JSON","","0","56","50","2"
"id-EAPK_36D3BFD2_A1AC_42da_9D2E_8D2E2E9D3C0C","Directive on Management of Information Technology (DMIT) (2018)","GitHub","canada-ca/architecture","MIT License","en","XML,CSV,JSON,ARCHIMATE","","0","259","59","3"
"d939a040-238b-4789-8d88-4ac8e2426366","Buna","GitHub","FlightControl-Master/DXC","Not found","en","XML,CSV,JSON,ARCHIMATE","WARNING","0","184","285","22"
"f5937b69-c4fe-490b-86d9-e6e3be6e2f46","toop-goopra-2-3","GitHub","TOOP4EU/toop-goopra-models","Apache License 2.0","en","XML,CSV,JSON,ARCHIMATE","DUPLICATE","2","157","279","44"
"f7e27de7","4a Identity Field","GitHub","wilmerkrisp/patterns","Other","en","XML,CSV,JSON,ARCHIMATE","DUPLICATE","1","44","66","1"
"8133bf64","Web Service Application","GitHub","CapgeminiNorway/AgileArchitect","Not found","en","XML,CSV,JSON,ARCHIMATE","DUPLICATE","1","14","18","1"
"38954f5e","needless-compass","GitHub","jewzaam/needless-compass","GNU General Public License v3.0","en","XML,CSV,JSON,ARCHIMATE","","0","12","11","1"
"0d8270d9","1 Transaction Script","GitHub","wilmerkrisp/patterns","Other","en","XML,CSV,JSON,ARCHIMATE","","0","13","15","1"
"_o-uY8EJhEeyo8oS76GR6Gg","enterprise","GenMyModel","","","en","XML,CSV,JSON,ARCHIMATE","","0","15","33","2"
"b188d141","2 generic subdomains","GitHub","wilmerkrisp/patterns","Other","en","XML,CSV,JSON,ARCHIMATE","DUPLICATE","1","23","49","1"
"744526c2","5 conceptual contours","GitHub","wilmerkrisp/patterns","Other","en","XML,CSV,JSON,ARCHIMATE","","0","15","10","1"
"1d703f78","everything","GitHub","mmorga/archimate-diff","Apache License 2.0","en","XML,CSV,JSON,ARCHIMATE","WARNING","0","63","21","2"
"id-ec8a8e99","JD Edwards Main Concept Reference Model","GitHub","phalix/DocumentDrivenArchimate","MIT License","en","XML,JSON","DUPLICATE","2","52","8","4"
"ac1e53f9","Prototype","GitHub","wilmerkrisp/patterns","Other","en","XML,CSV,JSON,ARCHIMATE","DUPLICATE,WARNING","1","25","38","2"
"id-92ebae0b58ee4ba295d6c64d8229e1a3","WSO2 Training","GitHub","","","en","XML,CSV,JSON,ARCHIMATE","","0","56","135","8"
"_xGZdwGr7EeqJq9Vex_oBDg","miconsulado","GenMyModel","","","en","XML,CSV,JSON,ARCHIMATE","","0","16","17","1"
"7b8f2a6a","Managed Object","GitHub","CapgeminiNorway/AgileArchitect","Not found","en","XML,CSV,JSON,ARCHIMATE","DUPLICATE","4","16","19","1"
"fb68781b-9875-43b8-85e4-15f3cd6b4d6c","SDS","GitHub","bwgartner/suse-doc","Not found","en","XML,CSV,JSON,ARCHIMATE","DUPLICATE","1","61","40","1"
"id-2e02c87e-ba46-4607-b122-61343f815954","RHPAM","GitHub","","","en","XML,CSV,JSON,ARCHIMATE","","0","38","45","1"
"_L7geEO1nEei9dNtZPq67hQ","Monolith - Allied Employee Boarding","GenMyModel","","","en","XML,CSV,JSON,ARCHIMATE","","0","16","17","1"
"2aec1976-7608-4ba5-ab9d-2ffd86564d4f","onix","GitHub","gatblau/onix","Apache License 2.0","en","XML,CSV,JSON,ARCHIMATE","","0","37","28","2"
"a6883dfa","4 shared kernel","GitHub","wilmerkrisp/patterns","Other","en","XML,CSV,JSON,ARCHIMATE","DUPLICATE","1","62","132","3"
"_4uCRQFJUEeqesv9gci-YTQ","medicinia-applications-and-databases","GenMyModel","","","en","XML,CSV,JSON,ARCHIMATE","","0","15","33","1"
"6a1178b4","Types of consistency","GitHub","wilmerkrisp/patterns","Other","en","XML,CSV,JSON,ARCHIMATE","","0","30","26","1"
"0af1123e-2d6d-48a4-85ae-aed41e06bf84","Pattern171: Financials","GitHub","robertorgarcia/EAPatterns","Not found","en","XML,CSV,JSON,ARCHIMATE","","0","67","113","6"
"a4496ac4-fff6-49f1-a403-c698f3e4b47b","SCiMMA","GitHub","scimma/scimma-model","Not found","en","XML,CSV,JSON,ARCHIMATE","","0","77","100","10"
"5de51c60","Mediator","GitHub","wilmerkrisp/patterns","Other","en","XML,CSV,JSON,ARCHIMATE","","0","33","46","2"
"b06f4b67","6b Template View","GitHub","wilmerkrisp/patterns","Other","en","XML,CSV,JSON,ARCHIMATE","DUPLICATE","1","41","55","1"
"9f5ce532","8 aggregates","GitHub","wilmerkrisp/patterns","Other","en","XML,CSV,JSON,ARCHIMATE","","0","209","298","8"
"id-ceae47297ac048f6965cf594e1e7f7f4","OETC","GitHub","codeadmin-peritiae/OETC-EA","Not found","en","XML,CSV,JSON,ARCHIMATE","","0","438","688","19"
"cd65c1fd","FindMe 0","GitHub","tgfranck/archifiguredelegates","MIT License","en","XML,CSV,JSON,ARCHIMATE","","0","10","1","2"
"2ecbde29-8836-4cae-b1d8-45eb8f1b8421","10 Layered Architecture for Information Systems","GitHub","wilmerkrisp/patterns","Other","en","XML,CSV,JSON,ARCHIMATE","","0","19","12","5"
"id-06018e3620704516bacf94fa764ef09e","Mastering_ArchiMate","GitHub","yasenstar/EA","GPL 3.0","en","ARCHIMATE,XML,CSV,JSON","WARNING","0","67","83","12"
"_v4EL0CqkEeqqcaoAsxFIeg","miconsulado","GenMyModel","","","en","XML,CSV,JSON,ARCHIMATE","","0","16","17","1"
"7c8b6ef5","Tutorial ArchiMate","GitHub","lorsatti/AgileDev","Not found","en","XML,CSV,JSON,ARCHIMATE","","0","32","36","4"
"64d64165","5 Query Object","GitHub","wilmerkrisp/patterns","Other","en","XML,CSV,JSON,ARCHIMATE","","0","43","57","1"
"0908a44c","2 Data Mapper","GitHub","wilmerkrisp/patterns","Other","en","XML,CSV,JSON,ARCHIMATE","","0","56","89","1"
"id-23ad0a538e0d49d5809addee0022e420","Fin_Suite4","GitHub","wofuerGitHub/Fin_Suite4","MIT","en","XML,CSV,JSON,ARCHIMATE","","0","100","185","11"
"ba132626-807d-4174-a57c-d22b36f02ab3","Pattern170: KnowYourCustomer","GitHub","robertorgarcia/EAPatterns","Not found","en","XML,CSV,JSON,ARCHIMATE","DUPLICATE","1","101","173","8"
"9e705ba6-ac4a-4359-be53-98a4e6b80a19","GJM Database and applications","GitHub","davres1/Archimate","Not found","en","XML,CSV,JSON,ARCHIMATE","","0","210","253","14"
"fb8f9189-8d3e-4b2e-a3cd-83017a71c19c","Pattern168: WorkTogether","GitHub","robertorgarcia/EAPatterns","Not found","en","XML,CSV,JSON,ARCHIMATE","DUPLICATE","1","73","114","5"
"9b56e3eb-a43f-4545-8554-67ad2952bb58","Enroll System","GitHub","ideacrew/archi_enroll","MIT License","en","XML,CSV,JSON,ARCHIMATE","","0","324","340","13"
"9658ff39-8c98-4c85-a034-6348c0243d5a","NVA-DLR-minimum","GitHub","BIBSYSDEV/nva-architecture","Not found","en","XML,CSV,JSON,ARCHIMATE","","0","41","76","1"
"id-1874fc60","Collaborative Business Development","GitHub","lonniev/collaborative_business","MIT","en","XML,CSV,JSON,ARCHIMATE","","0","83","86","5"
"_nSQOENyfEe2JhIahQQsnAA","FleXtory Step 1","GenMyModel","","","en","XML,CSV,JSON,ARCHIMATE","","0","20","13","2"
"_XwQyYCY6Eem4iPlIob1YRg","Test","GenMyModel","","","en","XML,CSV,JSON,ARCHIMATE","","0","13","10","1"
"_J02DwPiyEeqzNvdhjEdfGw","SAPDataExchange21","GenMyModel","","","en","XML,CSV,JSON,ARCHIMATE","","0","17","29","1"
"54525ee5","ArchiMetal","GitHub","tonyisyourpal/archimetal","MIT","en","XML,CSV,JSON,ARCHIMATE","","0","562","760","78"
"e2a23892","deployments","GitHub","vfarcic/vfarcic.github.io","MIT License","en","XML,CSV,JSON,ARCHIMATE","DUPLICATE","1","19","34","16"
"id-867264cfe09a4daaa8e3d1e0c3e680b3","car-rental-application","GitHub","","","en","XML,CSV,JSON,ARCHIMATE","","0","74","97","2"
"45f87864-a222-4f0d-8c62-59e6381ad765","enterprise patterns overview","GitHub","wilmerkrisp/patterns","Other","en","XML,CSV,JSON,ARCHIMATE","","0","15","17","1"
"1b494c8e","Pacemaker_Android","GitHub","1carew1/pacemaker-architecture","Not found","en","XML,CSV,JSON,ARCHIMATE","","0","109","118","9"
"9d370cb5","Online","GitHub","myth/trashcan","GNU General Public License v2.0","en","XML,CSV,JSON,ARCHIMATE","","0","143","225","11"
"_3MaagCczEeqqcaoAsxFIeg","PRINCE2","GenMyModel","","","en","XML,CSV,JSON,ARCHIMATE","","0","12","18","2"
"_1_nh0M3mEei1GrjyiKWeTA","Data Archiving Architecture","GenMyModel","","","en","XML,CSV,JSON,ARCHIMATE","","0","32","27","3"
"id-85903050004a40d8964c6edc97e82d57","SoilWise_consolidated","GitHub","soilwise-he/soilwise-architecture","MIT","en","ARCHIMATE,XML,CSV,JSON","","0","87","106","1"
"6570df4c-498c-4339-bd9e-4be856e4ebd8","Archimate recipes","GitHub","orey/papers","GNU FDL License","en","XML,CSV,JSON,ARCHIMATE","WARNING","0","72","92","14"
"_F-ajoLFgEeuARqq-icHx7Q","1c-study-mobilebank","GenMyModel","","","en","XML,CSV,JSON,ARCHIMATE","","0","102","89","1"
"id-3ebf2274-6621-41d3-b1f3-2d65f84716a8","ISeePricey","GitHub","maxromanov/TreeWalk","GNU General Public License v3.0","en","XML,CSV,JSON,ARCHIMATE","","0","62","102","6"
"076abb71-28da-42ee-b1e8-edeca1a7e431","IAAM","GitHub","","","en","XML,CSV,JSON,ARCHIMATE","","0","109","157","6"
"3f7d61de","3 Lazy Load","GitHub","wilmerkrisp/patterns","Other","en","XML,CSV,JSON,ARCHIMATE","","0","77","123","1"
"_HgLVkCfdEeuxZMUIY-ihGw","payments-arch2","GenMyModel","","","en","XML,CSV,JSON,ARCHIMATE","","0","18","15","1"
"_oKizUAkiEeqB3a4sRh-tuQ","git-branching-init","GenMyModel","","","en","XML,CSV,JSON,ARCHIMATE","","0","16","18","1"
"e2173c89-25f1-4910-bfcb-517f402fee27","RHRRP-Reaching Home","GitHub","sara-sabr/EA-models","Creative Commons Zero v1.0 Universal","en","XML,CSV,JSON,ARCHIMATE","","0","104","86","1"
"_Wyy00NYTEemWXYASHrbj8g","Data model test","GenMyModel","","","en","XML,CSV,JSON,ARCHIMATE","","0","15","11","1"
"id-6f4836dec251418693177ccd3022d194","test","GitHub","yasenstar/EA","GPL 3.0","en","ARCHIMATE,XML,CSV,JSON","WARNING","0","13","2","1"
"623d0f97-9e75-4b2f-a63a-c3f165929563","IT Trasformation","GitHub","","","en","XML,CSV,JSON,ARCHIMATE","","0","98","111","7"
"_XVj6oENMEeufTvxJgLajhw","hip-platform","GenMyModel","","","en","XML,CSV,JSON,ARCHIMATE","","0","57","75","9"
"id-5cd06ac4-cbed-430d-877f-35efbf74f5ab","Freight Trust & Clearing Systems Model","GitHub","freight-trust/infrastructure","Apache License 2.0","en","XML,CSV,JSON,ARCHIMATE","","0","69","156","30"
"de0bbe07","4b Class Table Inheritance","GitHub","wilmerkrisp/patterns","Other","en","XML,CSV,JSON,ARCHIMATE","DUPLICATE","1","42","44","1"
"4990f2be-7474-419a-844b-1cbf92e903b3","MyWorkspace","GitHub","adriandolha/bigdata","Not found","en","XML,CSV,JSON,ARCHIMATE","","0","173","215","15"
"65b1f877-66f6-4135-9d5c-b0ff144719ee","Antergos","GitHub","avantys-solutionarchitecture/documentation","Unspecified","en","ARCHIMATE,XML,CSV,JSON","","0","91","140","1"
"_AaZmAENtEeqonN_RS9oRzw","Archimate - Qlikview and Microservices","GenMyModel","","","en","XML,CSV,JSON,ARCHIMATE","","0","59","57","1"
"235fba2d","lightblue","GitHub","lightblue-platform/lightblue","GNU General Public License v3.0","en","XML,CSV,JSON,ARCHIMATE","","0","282","317","12"
"id-5b97c7085db04d54afcb35431af5e1da","BanQuitoCM_models","GitHub","mjpazmino/banquitoCM_models","Not found","en","XML,CSV,JSON,ARCHIMATE","DUPLICATE","1","105","171","9"
"0132cf79","ASIS VGS","GitHub","","","en","XML,CSV,JSON,ARCHIMATE","","0","132","247","1"
"bffe40fc-f500-46c2-a306-f207899f3ed2","Andromeda Games","GitHub","Apress/migrating-to-azure","Other","en","XML,CSV,JSON,ARCHIMATE","DUPLICATE","1","494","248","18"
"a6ed29b2","6 domain services","GitHub","wilmerkrisp/patterns","Other","en","XML,CSV,JSON,ARCHIMATE","DUPLICATE","1","73","77","6"
"fff566e2","Decorator","GitHub","wilmerkrisp/patterns","Other","en","XML,CSV,JSON,ARCHIMATE","DUPLICATE","1","76","93","2"
"3f7514bc-08cb-4b1d-bc87-007288a45210","Data model test","GenMyModel","","","en","XML,JSON","","0","20","16","1"
"83bd5767","4a Serialized LOB","GitHub","wilmerkrisp/patterns","Other","en","XML,CSV,JSON,ARCHIMATE","","0","49","69","1"
"id-25bb9eb1ecfa4f1186e9e90318dd5c11","Architecture","GitHub","PHACDataHub/Architecture","Not found","en","XML,CSV,JSON,ARCHIMATE","","0","387","326","14"
"_AvkigFWSEeuh5NpLcuE3vA","Engineering team stakeholders","GenMyModel","","","en","XML,CSV,JSON,ARCHIMATE","","0","16","19","1"
"5844c3be","2 intention-revealing interfaces","GitHub","wilmerkrisp/patterns","Other","en","XML,CSV,JSON,ARCHIMATE","","0","31","31","1"
"f0feb6de-1a0b-4195-8a50-ae08d685dbb6","Sovrin Governance Framework Architecture Reference Model (SOVRIN ARM)","GitHub","mwherman2000/sovrin-arm","Apache License 2.0","en","XML,CSV,JSON,ARCHIMATE","DUPLICATE","9","90","144","5"
"1b2f1627-ae3f-404f-a498-8e3dd8b3cb12","Kay - Strategy","GitHub","mcfaddja/AEA-Kay-Archi","GNU General Public License v3.0","en","XML,CSV,JSON,ARCHIMATE","","0","22","24","1"
"7c7c2197","6a Front Controller","GitHub","wilmerkrisp/patterns","Other","en","XML,CSV,JSON,ARCHIMATE","","0","25","39","1"
"60ca98b4-0844-4002-b728-9c24368759c0","TPL","GitHub","unibz-core/ontouml-trust-patterns","Not found","en","XML,CSV,JSON,ARCHIMATE","DUPLICATE","1","59","118","15"
"d9d5e515","TOBE VGS","GitHub","","","en","XML,CSV,JSON,ARCHIMATE","","0","169","186","1"
"id-4044d88a4b1c4cd58f8a625e380cbc5f","GEMS Refactor notes","GitHub","GLYCAM-Web/website","GNU Lesser General Public License v3.0","en","XML,CSV,JSON,ARCHIMATE","","0","164","229","9"
"c9b77453","analysis patterns overview","GitHub","wilmerkrisp/patterns","Other","en","XML,CSV,JSON,ARCHIMATE","","0","24","0","1"
"518ca2aa","Flyweight","GitHub","wilmerkrisp/patterns","Other","en","XML,CSV,JSON,ARCHIMATE","","0","62","86","3"
"f613457c-e177-4e1c-bdc4-5f864ab643e9","AlexSintuSandbox","GitHub","sara-sabr/EA-models","CC0-1.0","en","ARCHIMATE,XML,CSV,JSON","","0","16","22","1"
"3d54d4b1","EIRA v1.0.0","GitHub","cristianvasquez/fast-project-architecture","Not found","en","XML,CSV,JSON,ARCHIMATE","","0","150","168","7"
"id-c2c957b5d7084600af6730c594244ab1","v1","GitHub","wilmerkrisp/unclebob","Not found","en","XML,CSV,JSON,ARCHIMATE","DUPLICATE","3","90","150","1"
"id-5bc40983-7970-4c26-a480-5e183da9d19d","NEO Architecture Reference Model for .NET Developers (neo-charm)","GitHub","mwherman2000/neo-charm","MIT","en","XML,CSV,JSON,ARCHIMATE","DUPLICATE","2","208","116","11"
"66d78f1a","Strategy","GitHub","wilmerkrisp/patterns","Other","en","XML,CSV,JSON,ARCHIMATE","WARNING","0","32","43","2"
"fc81c616","5 Metadata Mapping","GitHub","wilmerkrisp/patterns","Other","en","XML,CSV,JSON,ARCHIMATE","DUPLICATE","1","38","52","1"
"e87126e7","ArchiMate template","GitHub","grupozeety/Community-Arquitectura","Not found","en","XML,CSV,JSON,ARCHIMATE","DUPLICATE","1","21","26","30"
"4895e6f2-67db-4bc3-914f-1fae17d11ef5","5 Inventory and Accounting","GitHub","wilmerkrisp/patterns","Other","en","XML,CSV,JSON,ARCHIMATE","WARNING","0","96","122","17"
"225eff63-035e-479a-be23-84c6a33e696d","12 Association Patterns","GitHub","wilmerkrisp/patterns","Other","en","XML,CSV,JSON,ARCHIMATE","","0","15","18","4"
"id-a5b7bacf795e4faa90bc9079ac58bdee","Autonomous_Mode","GitHub","rbccps-iisc/CAV_RECON","Unspecified","en","ARCHIMATE,XML,CSV,JSON","","0","36","58","1"
"_LpsRIGZzEe2ck8ytUMEi6A","OST","GenMyModel","","","en","XML,CSV,JSON,ARCHIMATE","","0","15","14","1"
"783c4af9","8 separate ways","GitHub","wilmerkrisp/patterns","Other","en","XML,CSV,JSON,ARCHIMATE","","0","33","71","2"
"ccc2fd94","(new model)","GitHub","samheather/enar","Unspecified","en","ARCHIMATE,XML,CSV,JSON","","0","11","12","1"
"_cKwQkN0gEe24pIyRZ_lLDw","FleXtory Step 3","GenMyModel","","","en","XML,CSV,JSON,ARCHIMATE","","0","31","19","2"
"_e-pLMJnYEeuzROqeHhotPw","payments-arch2","GenMyModel","","","en","XML,CSV,JSON,ARCHIMATE","","0","29","20","2"
"bbb1fb27","dependency injection","GitHub","wilmerkrisp/patterns","Other","en","XML,CSV,JSON,ARCHIMATE","DUPLICATE","1","52","57","2"
"id-0aac4c62e89b40fc8624be9719275d77","MangiaTranquillo","GitHub","matteovisotto/PSD-FinalProject","MIT","en","XML,CSV,JSON,ARCHIMATE","","0","33","47","5"
"6a18db2b","PayNow","GitHub","amgadabdelhafez/IT4IT-RA-in-Archi","Not found","en","XML,CSV,JSON,ARCHIMATE","DUPLICATE","7","276","133","21"
"490512c1-d52a-4558-8ecc-326bcf3cea69","OPBOT","GitHub","bulgemi/opbot","Not found","en","XML,CSV,JSON,ARCHIMATE","","0","112","222","9"
"b05abff0-6b94-45ad-bbb8-e86d49dd9c6a","Create_resource","GitHub","BIBSYSDEV/nva-architecture","Not found","en","XML,CSV,JSON,ARCHIMATE","","0","11","12","1"
